optimizer,beta1,rho,fixed_beta,step,train_loss,val_loss,val_loss_x,val_loss_z,val_loss_y,beta_t,lr,step_time,tokens_per_sec,elapsed_s,best_val_loss,update_cosine_similarity,z_x_distance,y_x_distance,y_z_distance,y_x_expected_distance,y_z_expected_distance,amuse_y_reconstruction_error
adamw,nan,nan,nan,0,4.410679340362549,4.4163432121276855,4.4163432121276855,nan,nan,nan,0.001,nan,0.0,0.5230263699995703,4.4163432121276855,nan,nan,nan,nan,nan,nan,nan
adamw,nan,nan,nan,500,1.910562515258789,2.000044345855713,2.000044345855713,nan,nan,nan,0.001,0.012637846004508901,562484.6597968377,7.281976367994503,2.000044345855713,nan,nan,nan,nan,nan,nan,nan
adamw,nan,nan,nan,1000,1.5963490009307861,1.773254156112671,1.773254156112671,nan,nan,nan,0.001,0.012719139995169826,584921.7116135916,14.005293079993862,1.773254156112671,nan,nan,nan,nan,nan,nan,nan
adamw,nan,nan,nan,1500,1.4745781421661377,1.6805204153060913,1.6805204153060913,nan,nan,nan,0.001,0.012741995000396855,592153.110238733,20.751389779994497,1.6805204153060913,nan,nan,nan,nan,nan,nan,nan
adamw,nan,nan,nan,2000,1.405678629875183,1.6106231212615967,1.6106231212615967,nan,nan,nan,0.001,0.01255393099563662,594988.8952179654,27.53664838399709,1.6106231212615967,nan,nan,nan,nan,nan,nan,nan
adamw,nan,nan,nan,2500,1.3631747961044312,1.5833380222320557,1.5833380222320557,nan,nan,nan,0.001,0.012761755999235902,596785.9871066009,34.317159655998694,1.5833380222320557,nan,nan,nan,nan,nan,nan,nan
adamw,nan,nan,nan,3000,1.3277865648269653,1.5579330921173096,1.5579330921173096,nan,nan,nan,0.001,0.012733964002109133,597681.0934446311,41.11891821499739,1.5579330921173096,nan,nan,nan,nan,nan,nan,nan
adamw,nan,nan,nan,3500,1.3005383014678955,1.543864369392395,1.543864369392395,nan,nan,nan,0.001,0.012619675006135367,598576.1969213019,47.900334405996546,1.543864369392395,nan,nan,nan,nan,nan,nan,nan
adamw,nan,nan,nan,4000,1.284285306930542,1.5432713031768799,1.5432713031768799,nan,nan,nan,0.001,0.01273869100259617,599155.0911941108,54.69034725999518,1.5432713031768799,nan,nan,nan,nan,nan,nan,nan
adamw,nan,nan,nan,4500,1.2692077159881592,1.5451949834823608,1.5451949834823608,nan,nan,nan,0.001,0.012939126005221624,599340.8462542016,61.50757157699991,1.5432713031768799,nan,nan,nan,nan,nan,nan,nan
adamw,nan,nan,nan,5000,1.2542864084243774,1.5377665758132935,1.5377665758132935,nan,nan,nan,0.001,0.012870278995251283,599307.6235077755,68.34553473599954,1.5377665758132935,nan,nan,nan,nan,nan,nan,nan
adamw,nan,nan,nan,5500,1.2379223108291626,1.535766363143921,1.535766363143921,nan,nan,nan,0.001,0.012860067996371072,599341.4848557066,75.17584071599413,1.535766363143921,nan,nan,nan,nan,nan,nan,nan
adamw,nan,nan,nan,6000,1.2259827852249146,1.5347522497177124,1.5347522497177124,nan,nan,nan,0.001,0.012888855999335647,599283.8579770855,82.01789410099445,1.5347522497177124,nan,nan,nan,nan,nan,nan,nan
adamw,nan,nan,nan,6500,1.2090431451797485,1.5490952730178833,1.5490952730178833,nan,nan,nan,0.001,0.012803010002244264,599189.6058705362,88.86669507999613,1.5347522497177124,nan,nan,nan,nan,nan,nan,nan
adamw,nan,nan,nan,7000,1.1988059282302856,1.548526644706726,1.548526644706726,nan,nan,nan,0.001,0.012938612002471928,599078.0112453898,95.72042192099616,1.5347522497177124,nan,nan,nan,nan,nan,nan,nan
adamw,nan,nan,nan,7500,1.2002770900726318,1.5422762632369995,1.5422762632369995,nan,nan,nan,0.001,0.012811651999072637,599161.7758586173,102.54325705600058,1.5347522497177124,nan,nan,nan,nan,nan,nan,nan
adamw,nan,nan,nan,8000,1.1903486251831055,1.5363056659698486,1.5363056659698486,nan,nan,nan,0.001,0.012935082995682023,599155.973242711,109.38053349499387,1.5347522497177124,nan,nan,nan,nan,nan,nan,nan
adamw,nan,nan,nan,8500,1.1862431764602661,1.5455533266067505,1.5455533266067505,nan,nan,nan,0.001,0.012855004002631176,599113.9893394803,116.22496092399524,1.5347522497177124,nan,nan,nan,nan,nan,nan,nan
adamw,nan,nan,nan,9000,1.1746875047683716,1.5479339361190796,1.5479339361190796,nan,nan,nan,0.001,0.012950476004334632,599041.0622095168,123.0767048389971,1.5347522497177124,nan,nan,nan,nan,nan,nan,nan
adamw,nan,nan,nan,9500,1.1668980121612549,1.5581201314926147,1.5581201314926147,nan,nan,nan,0.001,0.012894161998701748,599001.8080179977,129.9228131839991,1.5347522497177124,nan,nan,nan,nan,nan,nan,nan
adamw,nan,nan,nan,10000,1.1581381559371948,1.5546375513076782,1.5546375513076782,nan,nan,nan,0.001,0.012984666995180305,598816.303275708,136.80322254399653,1.5347522497177124,nan,nan,nan,nan,nan,nan,nan
adamw,nan,nan,nan,10500,1.1463403701782227,1.5604515075683594,1.5604515075683594,nan,nan,nan,0.001,0.012918264001200441,598651.3385461115,143.68296612999984,1.5347522497177124,nan,nan,nan,nan,nan,nan,nan
adamw,nan,nan,nan,11000,1.1467533111572266,1.5752506256103516,1.5752506256103516,nan,nan,nan,0.001,0.013021498001762666,598495.9057711543,150.56410433400015,1.5347522497177124,nan,nan,nan,nan,nan,nan,nan
adamw,nan,nan,nan,11500,1.1390247344970703,1.5768203735351562,1.5768203735351562,nan,nan,nan,0.001,0.012969688003067859,598429.8435205665,157.42530393500056,1.5347522497177124,nan,nan,nan,nan,nan,nan,nan
adamw,nan,nan,nan,12000,1.1291290521621704,1.5803488492965698,1.5803488492965698,nan,nan,nan,0.001,0.012839682996855117,598373.777656764,164.2852739719965,1.5347522497177124,nan,nan,nan,nan,nan,nan,nan
adamw,nan,nan,nan,12500,1.1305668354034424,1.5721871852874756,1.5721871852874756,nan,nan,nan,0.001,0.012968759998329915,598299.7880231359,171.15165682799852,1.5347522497177124,nan,nan,nan,nan,nan,nan,nan
adamw,nan,nan,nan,13000,1.1295721530914307,1.6007328033447266,1.6007328033447266,nan,nan,nan,0.001,0.012944073998369277,598156.3708128774,178.04040079900005,1.5347522497177124,nan,nan,nan,nan,nan,nan,nan
adamw,nan,nan,nan,13500,1.1197102069854736,1.586296796798706,1.586296796798706,nan,nan,nan,0.001,0.013001751001866069,598016.1326965928,184.93146581399924,1.5347522497177124,nan,nan,nan,nan,nan,nan,nan
adamw,nan,nan,nan,14000,1.119261384010315,1.5867016315460205,1.5867016315460205,nan,nan,nan,0.001,0.012987734000489581,597875.8638689847,191.8257734269937,1.5347522497177124,nan,nan,nan,nan,nan,nan,nan
adamw,nan,nan,nan,14500,1.1142404079437256,1.5969582796096802,1.5969582796096802,nan,nan,nan,0.001,0.012971787997230422,597741.4218977587,198.72137959399697,1.5347522497177124,nan,nan,nan,nan,nan,nan,nan
adamw,nan,nan,nan,15000,1.1031618118286133,1.6143642663955688,1.6143642663955688,nan,nan,nan,0.001,0.012954252000781707,597617.6333484772,205.61642284799746,1.5347522497177124,nan,nan,nan,nan,nan,nan,nan
torch_muon,nan,nan,nan,0,4.410679340362549,4.4163432121276855,4.4163432121276855,nan,nan,nan,0.001,nan,0.0,0.40633127000182867,4.4163432121276855,nan,nan,nan,nan,nan,nan,nan
torch_muon,nan,nan,nan,500,2.362128496170044,2.387317180633545,2.387317180633545,nan,nan,nan,0.001,0.013823319000948686,523364.2643172542,7.826289029006148,2.387317180633545,nan,nan,nan,nan,nan,nan,nan
torch_muon,nan,nan,nan,1000,1.885758399963379,1.9931007623672485,1.9931007623672485,nan,nan,nan,0.001,0.013772169993899297,540687.7825973402,15.15107288100262,1.9931007623672485,nan,nan,nan,nan,nan,nan,nan
torch_muon,nan,nan,nan,1500,1.6283740997314453,1.7961018085479736,1.7961018085479736,nan,nan,nan,0.001,0.013741137001488823,546706.7181972981,22.47640204700292,1.7961018085479736,nan,nan,nan,nan,nan,nan,nan
torch_muon,nan,nan,nan,2000,1.4953854084014893,1.6791503429412842,1.6791503429412842,nan,nan,nan,0.001,0.013854164004442282,549760.4567456521,29.80207070000324,1.6791503429412842,nan,nan,nan,nan,nan,nan,nan
torch_muon,nan,nan,nan,2500,1.4258195161819458,1.6193583011627197,1.6193583011627197,nan,nan,nan,0.001,0.013775393003015779,551577.3215104908,37.129880438005785,1.6193583011627197,nan,nan,nan,nan,nan,nan,nan
torch_muon,nan,nan,nan,3000,1.374441385269165,1.5835297107696533,1.5835297107696533,nan,nan,nan,0.001,0.013874938005756121,552828.2041887817,44.45504012600577,1.5835297107696533,nan,nan,nan,nan,nan,nan,nan
torch_muon,nan,nan,nan,3500,1.335914969444275,1.5615925788879395,1.5615925788879395,nan,nan,nan,0.001,0.014136145000520628,553698.6590252308,51.78267913900345,1.5615925788879395,nan,nan,nan,nan,nan,nan,nan
torch_muon,nan,nan,nan,4000,1.3152859210968018,1.5579649209976196,1.5579649209976196,nan,nan,nan,0.001,0.013955413000076078,554302.089808523,59.11577928800398,1.5579649209976196,nan,nan,nan,nan,nan,nan,nan
torch_muon,nan,nan,nan,4500,1.2913058996200562,1.5532875061035156,1.5532875061035156,nan,nan,nan,0.001,0.013773118000244722,554817.3097494236,66.44349293400592,1.5532875061035156,nan,nan,nan,nan,nan,nan,nan
torch_muon,nan,nan,nan,5000,1.2765672206878662,1.5408258438110352,1.5408258438110352,nan,nan,nan,0.001,0.01394162600627169,555195.1832251655,73.77585619900492,1.5408258438110352,nan,nan,nan,nan,nan,nan,nan
torch_muon,nan,nan,nan,5500,1.2604217529296875,1.5462515354156494,1.5462515354156494,nan,nan,nan,0.001,0.012215841001307126,555512.5291234931,81.10708154700114,1.5408258438110352,nan,nan,nan,nan,nan,nan,nan
torch_muon,nan,nan,nan,6000,1.2448707818984985,1.548436164855957,1.548436164855957,nan,nan,nan,0.001,0.013854686003469396,555753.0155939562,88.44216517200402,1.5408258438110352,nan,nan,nan,nan,nan,nan,nan
torch_muon,nan,nan,nan,6500,1.2306758165359497,1.5547622442245483,1.5547622442245483,nan,nan,nan,0.001,0.013797143001283985,555970.1187863385,95.77493142300227,1.5408258438110352,nan,nan,nan,nan,nan,nan,nan
torch_muon,nan,nan,nan,7000,1.217328429222107,1.5523704290390015,1.5523704290390015,nan,nan,nan,0.001,0.01381103399762651,556133.3936373935,103.11195237700304,1.5408258438110352,nan,nan,nan,nan,nan,nan,nan
torch_muon,nan,nan,nan,7500,1.2176669836044312,1.5481067895889282,1.5481067895889282,nan,nan,nan,0.001,0.013917660995502956,556397.4609285662,110.42465919499955,1.5408258438110352,nan,nan,nan,nan,nan,nan,nan
torch_muon,nan,nan,nan,8000,1.2081220149993896,1.5445455312728882,1.5445455312728882,nan,nan,nan,0.001,0.013823448003677186,556576.0863700705,117.74850124700606,1.5408258438110352,nan,nan,nan,nan,nan,nan,nan
torch_muon,nan,nan,nan,8500,1.2029987573623657,1.548187017440796,1.548187017440796,nan,nan,nan,0.001,0.01383819300099276,556671.2682050182,125.0863911560009,1.5408258438110352,nan,nan,nan,nan,nan,nan,nan
torch_muon,nan,nan,nan,9000,1.1953438520431519,1.5421512126922607,1.5421512126922607,nan,nan,nan,0.001,0.013731446000747383,556755.3946017254,132.42440165800508,1.5408258438110352,nan,nan,nan,nan,nan,nan,nan
torch_muon,nan,nan,nan,9500,1.1842080354690552,1.546461820602417,1.546461820602417,nan,nan,nan,0.001,0.013948712999990676,556808.2557044977,139.76804259400524,1.5408258438110352,nan,nan,nan,nan,nan,nan,nan
torch_muon,nan,nan,nan,10000,1.180782675743103,1.5496855974197388,1.5496855974197388,nan,nan,nan,0.001,0.013881109000067227,556869.5302704641,147.10806669600424,1.5408258438110352,nan,nan,nan,nan,nan,nan,nan
torch_muon,nan,nan,nan,10500,1.1708824634552002,1.5536866188049316,1.5536866188049316,nan,nan,nan,0.001,0.014112812001258135,556925.0135412941,154.44808171400655,1.5408258438110352,nan,nan,nan,nan,nan,nan,nan
torch_muon,nan,nan,nan,11000,1.168580174446106,1.5656163692474365,1.5656163692474365,nan,nan,nan,0.001,0.013456038999720477,556965.7054031839,161.7909309780007,1.5408258438110352,nan,nan,nan,nan,nan,nan,nan
torch_muon,nan,nan,nan,11500,1.1616086959838867,1.5708510875701904,1.5708510875701904,nan,nan,nan,0.001,0.013772907004749868,556986.9062944483,169.13862594500097,1.5408258438110352,nan,nan,nan,nan,nan,nan,nan
torch_muon,nan,nan,nan,12000,1.154071569442749,1.5694636106491089,1.5694636106491089,nan,nan,nan,0.001,0.013855880002665799,557009.8583001884,176.4852067430038,1.5408258438110352,nan,nan,nan,nan,nan,nan,nan
torch_muon,nan,nan,nan,12500,1.1565210819244385,1.565305233001709,1.565305233001709,nan,nan,nan,0.001,0.013784212002065033,557029.7441661139,183.8321940120004,1.5408258438110352,nan,nan,nan,nan,nan,nan,nan
torch_muon,nan,nan,nan,13000,1.1575028896331787,1.585899829864502,1.585899829864502,nan,nan,nan,0.001,0.013932754001871217,557046.9319000026,191.17958272700344,1.5408258438110352,nan,nan,nan,nan,nan,nan,nan
torch_muon,nan,nan,nan,13500,1.1481690406799316,1.5770107507705688,1.5770107507705688,nan,nan,nan,0.001,0.013999950999277644,557044.2595853067,198.5335960240045,1.5408258438110352,nan,nan,nan,nan,nan,nan,nan
torch_muon,nan,nan,nan,14000,1.1466115713119507,1.5757718086242676,1.5757718086242676,nan,nan,nan,0.001,0.013811709002766293,557055.1426193913,205.88266982100322,1.5408258438110352,nan,nan,nan,nan,nan,nan,nan
torch_muon,nan,nan,nan,14500,1.1438614130020142,1.5868123769760132,1.5868123769760132,nan,nan,nan,0.001,0.014016646004165523,557064.8889199902,213.23189158500463,1.5408258438110352,nan,nan,nan,nan,nan,nan,nan
torch_muon,nan,nan,nan,15000,1.1317135095596313,1.5967556238174438,1.5967556238174438,nan,nan,nan,0.001,0.013922633996116929,557100.2033014793,220.5707326470001,1.5408258438110352,nan,nan,nan,nan,nan,nan,nan
sf_adamw,0.4,0.5,nan,0,4.410679340362549,4.4163432121276855,4.4163432121276855,4.4163432121276855,4.414694309234619,0.4,0.001,nan,0.0,0.819874818000244,4.4163432121276855,nan,0.0,0.0,0.0,0.0,0.0,0.0
sf_adamw,0.4,0.5,nan,500,2.3292531967163086,2.350018262863159,2.350018262863159,2.4731838703155518,2.175490140914917,0.4,0.001,0.02317706299800193,355172.2542753114,11.53243236400158,2.350018262863159,0.999953898075847,0.09468141287230283,0.056808847723381704,0.03842624827796156,0.0568088477233817,0.03842624827796156,2.519819048056294e-08
sf_adamw,0.4,0.5,nan,1000,2.0951735973358154,2.1517391204833984,2.1517391204833984,2.3083794116973877,1.9559816122055054,0.4,0.001,0.01587177100009285,355215.7222774787,23.062042263998592,2.1517391204833984,0.999975791484655,0.1355948546230587,0.08135691277383522,0.055834133849892,0.08135691277383522,0.055834133849892,2.5171764752964217e-08
sf_adamw,0.4,0.5,nan,1500,1.9160282611846924,2.011545181274414,2.011545181274414,2.192303419113159,1.8256969451904297,0.4,0.001,0.02638595600001281,357670.78643392306,34.35561546000099,2.011545181274414,0.999980469802542,0.16092670638376713,0.09655602383026027,0.06742037142755197,0.09655602383026028,0.06742037142755196,2.4859027467925627e-08
sf_adamw,0.4,0.5,nan,2000,1.780646562576294,1.9128860235214233,1.9128860235214233,2.416123628616333,1.73782479763031,0.48038475772933387,0.001,0.01788608799688518,358483.9599199153,45.703579049004475,1.9128860235214233,0.9999855331148216,0.18442206503020767,0.0958285160007279,0.09443138432753782,0.0958285160007279,0.09443138432753781,2.543348764891736e-08
sf_adamw,0.4,0.5,nan,2500,1.6748955249786377,1.8269093036651611,1.8269093036651611,2.525796890258789,1.6829391717910767,0.5352419984551149,0.001,0.017667332002019975,360718.8041136689,56.775526438999805,1.8269093036651611,0.9999874181188221,0.20523457544747087,0.0953844111328795,0.1191507767899808,0.0953844111328795,0.11915077678998083,2.568829632302272e-08
sf_adamw,0.4,0.5,nan,3000,1.5925490856170654,1.7563238143920898,1.7563238143920898,2.7498998641967773,1.6569154262542725,0.5757359312880805,0.001,0.0339779930000077,360755.3962579774,68.12372110000433,1.7563238143920898,0.9999880533840709,0.22474277676260584,0.09535028488291782,0.1427584794119877,0.09535028488291779,0.1427584794119877,2.5394596558651938e-08
sf_adamw,0.4,0.5,nan,3500,1.5247578620910645,1.7051408290863037,1.7051408290863037,2.794748306274414,1.6078475713729858,0.607207797575225,0.001,0.031010487997264136,355217.38554306404,80.7167699749989,1.7051408290863037,0.9999895346481984,0.24325357948700713,0.09554810923441161,0.16572647346510574,0.0955481092344116,0.16572647346510572,2.5929197460503302e-08
sf_adamw,0.4,0.5,nan,4000,1.484814167022705,1.671857237815857,1.671857237815857,2.9171206951141357,1.5967528820037842,0.632576538582536,0.001,0.01788521600246895,355175.9382059684,92.2585019850012,1.671857237815857,0.9999905863192616,0.2613090709346971,0.09601108334260802,0.1885062782510498,0.09601108334260802,0.18850627825104985,2.5567563799389247e-08
sf_adamw,0.4,0.5,nan,4500,1.440338373184204,1.6403472423553467,1.6403472423553467,3.1002004146575928,1.5974974632263184,0.6535898384862382,0.001,0.017970194996451028,355755.2479348627,103.6218023879992,1.6403472423553467,0.999990983619175,0.2789112334292313,0.09661768542022255,0.2112110198515184,0.09661768542022253,0.2112110198515184,2.5416400727757555e-08
sf_adamw,0.4,0.5,nan,5000,1.4124029874801636,1.6154178380966187,1.6154178380966187,3.2087645530700684,1.582242727279663,0.6713664654969145,0.001,0.017925957996340003,356814.69176995975,114.7934794860048,1.6154178380966187,0.9999920547915419,0.2960164171576928,0.09728092144147238,0.23379720280832,0.09728092144147239,0.23379720280832003,2.5678000981170756e-08
sf_adamw,0.4,0.5,nan,5500,1.3880665302276611,1.5956331491470337,1.5956331491470337,3.3025543689727783,1.5752143859863281,0.6866602192797582,0.001,0.01787970500299707,356225.3679083225,126.48172774600243,1.5956331491470337,0.9999921474980511,0.3126867774098944,0.09797720626773539,0.25633952965942436,0.09797720626773539,0.2563395296594243,2.558519438740623e-08
sf_adamw,0.4,0.5,nan,6000,1.3653843402862549,1.5813376903533936,1.5813376903533936,3.3346831798553467,1.5704725980758667,0.7000000000000145,0.001,0.03512198799580801,351091.4707914985,139.99770455600083,1.5813376903533936,0.999992911080021,0.329106373125785,0.09873191193773073,0.27899836640787024,0.09873191193773073,0.27899836640787024,2.5649509154745303e-08
sf_adamw,0.4,0.5,nan,6500,1.3414523601531982,1.5780367851257324,1.5780367851257324,3.6159424781799316,1.5544074773788452,0.7117693231508577,0.001,0.01714750599785475,351431.7851133444,151.51731361699785,1.5780367851257324,0.9999930370534789,0.3452466480084012,0.09951067503535906,0.30162855721051524,0.09951067503535906,0.3016285572105152,2.619889043921821e-08
sf_adamw,0.4,0.5,nan,7000,1.3229566812515259,1.5632047653198242,1.5632047653198242,3.70042085647583,1.5522112846374512,0.7222539700682491,0.001,0.02264889099751599,353164.4620469579,162.37194327999896,1.5632047653198242,0.9999933680878705,0.36114325035315903,0.10030610402223833,0.32427185667267133,0.10030610402223832,0.32427185667267133,2.5519269273276332e-08
sf_adamw,0.4,0.5,nan,7500,1.3195562362670898,1.5544860363006592,1.5544860363006592,3.687565565109253,1.5488405227661133,0.7316718427000397,0.001,0.01890606300003128,353642.7601046381,173.7346467430034,1.5544860363006592,0.999993345059748,0.3768153951273098,0.10111018061676748,0.34685192769144707,0.10111018061676748,0.34685192769144707,2.7709283529999445e-08
sf_adamw,0.4,0.5,nan,8000,1.30491042137146,1.5387848615646362,1.5387848615646362,3.7829957008361816,1.5395395755767822,0.74019237886468,0.001,0.022659089001535904,353553.88822382945,185.36353914600477,1.5387848615646362,0.9999939286489123,0.3919186333365473,0.10182344780577406,0.3691354060139753,0.10182344780577407,0.3691354060139753,2.7313742509027946e-08
sf_adamw,0.4,0.5,nan,8500,1.2958182096481323,1.539076566696167,1.539076566696167,3.8496971130371094,1.546828031539917,0.7479495848749635,0.001,0.01777781800046796,353316.02857039555,197.0813503190002,1.5387848615646362,0.9999943346080041,0.40684556051160636,0.10254559241872852,0.3912977740981467,0.10254559241872853,0.3912977740981467,2.6324327840158732e-08
sf_adamw,0.4,0.5,nan,9000,1.2821838855743408,1.529970407485962,1.529970407485962,4.233665943145752,1.5385290384292603,0.7550510257216823,0.001,0.018154449004214257,352291.68332977337,209.28112552400125,1.529970407485962,0.9999940771784428,0.4215298443944448,0.10325330301211814,0.4131320140843369,0.10325330301211814,0.41313201408433686,2.565541874550943e-08
sf_adamw,0.4,0.5,nan,9500,1.272439956665039,1.52561616897583,1.52561616897583,4.233654975891113,1.544637680053711,0.7615841757282876,0.001,0.027399848004279193,352114.7910392554,221.01883243900375,1.52561616897583,0.9999943829747518,0.4357205715533727,0.10388267921903896,0.4345882165992556,0.10388267921903897,0.43458821659925573,2.601595386747733e-08
sf_adamw,0.4,0.5,nan,10000,1.2644858360290527,1.5209120512008667,1.5209120512008667,4.342374324798584,1.5455210208892822,0.7676209992275467,0.001,0.01763618699624203,352572.4688127654,232.34939550400304,1.5209120512008667,0.999994627083084,0.44949297421629536,0.10445272820262086,0.4553459385075293,0.10445272820262085,0.45534593850752925,2.6866054130633403e-08
sf_adamw,0.4,0.5,nan,10500,1.2530922889709473,1.5259002447128296,1.5259002447128296,4.648951053619385,1.5419644117355347,0.7732213161944521,0.001,0.027276077002170496,352492.2647250009,244.0223761140005,1.5209120512008667,0.9999947736226336,0.46294482753849425,0.10498601866376608,0.47549853333016945,0.10498601866376608,0.4754985333301695,2.5520240641133713e-08
sf_adamw,0.4,0.5,nan,11000,1.246307134628296,1.5288695096969604,1.5288695096969604,4.7854533195495605,1.5406359434127808,0.7784353162371866,0.001,0.027150351997988764,351969.8011794185,256.0219646629994,1.5209120512008667,0.999994573877438,0.475945988586618,0.10545282244937358,0.49501797683286464,0.1054528224493736,0.49501797683286464,2.872129948289999e-08
sf_adamw,0.4,0.5,nan,11500,1.2382508516311646,1.522019624710083,1.522019624710083,4.671221733093262,1.5490944385528564,0.7833054644455986,0.001,0.01944009799626656,351093.8051792079,268.3271496400048,1.5209120512008667,0.9999947388182985,0.4884652500784947,0.10584775050022396,0.513828870547844,0.10584775050022395,0.513828870547844,2.539004092191253e-08
sf_adamw,0.4,0.5,nan,12000,1.229742407798767,1.5222597122192383,1.5222597122192383,5.114571571350098,1.5454227924346924,0.7878679656440167,0.001,0.020881728996755555,351733.40842179407,279.4843982579987,1.5209120512008667,0.9999948754095042,0.5005616274007375,0.10618515634106014,0.5319199881145956,0.10618515634106014,0.5319199881145956,2.5465348254685246e-08
sf_adamw,0.4,0.5,nan,12500,1.2291820049285889,1.512996792793274,1.512996792793274,4.956025123596191,1.5497881174087524,0.7921539030917139,0.001,0.028269198999623768,352227.8886110244,290.72087506700336,1.512996792793274,0.9999950940903825,0.5123575395642235,0.10649151481995665,0.5492439228561296,0.10649151481995665,0.5492439228561296,2.6035098986398434e-08
sf_adamw,0.4,0.5,nan,13000,1.2270199060440063,1.5302871465682983,1.5302871465682983,5.259676933288574,1.540591835975647,0.7961901338539503,0.001,0.019352347997482866,352520.29544362274,302.0989184920036,1.512996792793274,0.9999953051883997,0.5237006531152364,0.10673536001201514,0.5658818393709583,0.10673536001201513,0.5658818393709584,2.5982017862717267e-08
sf_adamw,0.4,0.5,nan,13500,1.2183045148849487,1.5144239664077759,1.5144239664077759,5.284954071044922,1.5306373834609985,0.7999999999999761,0.001,0.024613781002699398,351788.40673887666,314.3707918779983,1.512996792793274,0.999995179176062,0.5347052250006983,0.10694104500015246,0.58149079451064,0.10694104500015246,0.58149079451064,2.6415295884281003e-08
sf_adamw,0.4,0.5,nan,14000,1.2158149480819702,1.509008765220642,1.509008765220642,5.593603610992432,1.5349514484405518,0.8036038987875818,0.001,0.01974311899539316,351383.32431950816,326.3899908230014,1.509008765220642,0.9999949734478027,0.5453063424413751,0.10709603962188989,0.5963922918497297,0.1070960396218899,0.5963922918497297,2.6313060330842547e-08
sf_adamw,0.4,0.5,nan,14500,1.2119977474212646,1.5187160968780518,1.5187160968780518,5.51492166519165,1.5438629388809204,0.8070197437291707,0.001,0.02703770499647362,349738.38007119246,339.6367306780012,1.509008765220642,0.9999950936741046,0.5554536671869125,0.10719159104030228,0.6100320904292493,0.10719159104030228,0.6100320904292493,2.9904217327849946e-08
sf_adamw,0.4,0.5,nan,15000,1.2000161409378052,1.5199191570281982,1.5199191570281982,5.86589241027832,1.5498342514038086,0.81026334038987,0.001,0.02653598000324564,350690.7397601718,350.39419656200334,1.509008765220642,0.9999951259878765,0.5651126840545873,0.10722259297583214,0.6233956260163354,0.10722259297583214,0.6233956260163354,2.5914261182258753e-08
amuse_muon,0.4,0.5,nan,0,4.410679340362549,4.4163432121276855,4.4163432121276855,4.4163432121276855,4.414694309234619,0.4,0.001,nan,0.0,0.9011701640047249,4.4163432121276855,nan,0.0,0.0,0.0,0.0,0.0,0.0
amuse_muon,0.4,0.5,nan,500,1.5801551342010498,1.7365936040878296,1.7365936040878296,1.8638999462127686,1.6683683395385742,0.4,0.001,0.02782764100265922,255426.44242982916,16.035927843004174,1.7365936040878296,0.9972344006851129,0.3187579240606793,0.1912547544364076,0.1260355750399457,0.19125475443640758,0.1260355750399457,2.5040178153104403e-08
amuse_muon,0.4,0.5,nan,1000,1.3871328830718994,1.5820107460021973,1.5820107460021973,1.7910919189453125,1.5757789611816406,0.4,0.001,0.027720940997824073,258714.9211702143,31.664196108002216,1.5820107460021973,0.998027271231432,0.41157270131496326,0.24694362078897794,0.1628050198449232,0.24694362078897794,0.16280501984492324,2.5171946159677464e-08
amuse_muon,0.4,0.5,nan,1500,1.3134205341339111,1.540774941444397,1.540774941444397,1.8343136310577393,1.566496729850769,0.4,0.001,0.027984314001514576,261393.86275549655,47.00951992699993,1.540774941444397,0.9985304548625437,0.4781554223951112,0.2868932534370667,0.18741961976440275,0.28689325343706673,0.18741961976440275,2.5244626282578862e-08
amuse_muon,0.4,0.5,nan,2000,1.264580488204956,1.5116024017333984,1.5116024017333984,2.0638880729675293,1.5298271179199219,0.48038475772932976,0.001,0.02789143200061517,263844.57648784644,62.09716424000362,1.5116024017333984,0.9989026812898574,0.5319558973089178,0.2764123924574851,0.24721624488461422,0.2764123924574851,0.24721624488461422,2.646268291335148e-08
amuse_muon,0.4,0.5,nan,2500,1.2334539890289307,1.5012699365615845,1.5012699365615845,2.5988965034484863,1.542860746383667,0.5352419984550999,0.001,0.02754080899467226,263827.6280422619,77.62644174900197,1.5012699365615845,0.998946071179625,0.5727942305457987,0.26621070188491425,0.293787257912654,0.2662107018849142,0.293787257912654,2.915519387676268e-08
amuse_muon,0.4,0.5,nan,3000,1.198041319847107,1.4946876764297485,1.4946876764297485,2.907508373260498,1.5687110424041748,0.5757359312880599,0.001,0.027265671000350267,264538.1673554467,92.9015281450047,1.4946876764297485,0.9987236297439192,0.6007810638616297,0.25488981855902293,0.32963882393804944,0.25488981855902293,0.32963882393804944,2.6088273122718702e-08
amuse_muon,0.4,0.5,nan,3500,1.1687062978744507,1.49979567527771,1.49979567527771,3.4183173179626465,1.5486496686935425,0.6072077975752015,0.001,0.02794606400129851,266138.45971517445,107.73339573200064,1.4946876764297485,0.9989982819165808,0.6224673652536183,0.2445003273355303,0.3593780776579497,0.24450032733553026,0.3593780776579497,2.9681914661362802e-08
amuse_muon,0.4,0.5,nan,4000,1.1475017070770264,1.5112825632095337,1.5112825632095337,3.937244415283203,1.5667810440063477,0.6325765385825108,0.001,0.030397599999560043,266075.3255305319,123.1530955929993,1.4946876764297485,0.9990417082989878,0.6380342699264647,0.2344287599593623,0.3830951719736662,0.23442875995936227,0.3830951719736662,2.7419390230031756e-08
amuse_muon,0.4,0.5,nan,4500,1.1239970922470093,1.5183992385864258,1.5183992385864258,4.36913537979126,1.599993109703064,0.653589838486212,0.001,0.028153790000942536,265830.04215632245,138.67507111300074,1.4946876764297485,0.9988013741770968,0.6488607131267745,0.22477194443419762,0.40278400505005085,0.22477194443419762,0.40278400505005085,2.623836327769614e-08
amuse_muon,0.4,0.5,nan,5000,1.1044548749923706,1.5221179723739624,1.5221179723739624,4.843929290771484,1.6079356670379639,0.6713664654968878,0.001,0.027951122996455524,266175.88785101206,153.88320982299774,1.4946876764297485,0.9989663688256639,0.65730906686972,0.21601380190633862,0.41904351468102763,0.2160138019063386,0.4190435146810277,2.7088382837373983e-08
amuse_muon,0.4,0.5,nan,5500,1.0866390466690063,1.5313423871994019,1.5313423871994019,5.262387275695801,1.630322813987732,0.6866602192797315,0.001,0.026348120998591185,266272.83401758573,169.20990143900417,1.4946876764297485,0.998894357251957,0.6625911367410474,0.20761616149363327,0.4323034391018948,0.2076161614936332,0.4323034391018948,2.6810742887713757e-08
amuse_muon,0.4,0.5,nan,6000,1.0685486793518066,1.541882872581482,1.541882872581482,4.95369815826416,1.643096685409546,0.6999999999999877,0.001,0.02821599399612751,265740.44459105935,184.9624360930029,1.4946876764297485,0.9989357751821569,0.6673922537666224,0.20021767612999486,0.44405357899861825,0.2002176761299949,0.4440535789986183,2.719091964668014e-08
amuse_muon,0.4,0.5,nan,6500,1.049682855606079,1.5619995594024658,1.5619995594024658,5.692463397979736,1.6587625741958618,0.7117693231508311,0.001,0.026930809995974414,265672.54326012864,200.4271850849982,1.4946876764297485,0.9988877860488647,0.6699432267386841,0.19309818969340714,0.4536464027737506,0.19309818969340717,0.4536464027737506,2.9170689411810422e-08
amuse_muon,0.4,0.5,nan,7000,1.033326268196106,1.5672048330307007,1.5672048330307007,5.961942195892334,1.6673996448516846,0.7222539700682227,0.001,0.025834845000645146,265830.7979861029,215.7161639449987,1.4946876764297485,0.9989322525474639,0.671334367380799,0.1864604552967782,0.46161650257368203,0.18646045529677818,0.4616165025736822,2.642492302183313e-08
amuse_muon,0.4,0.5,nan,7500,1.0257437229156494,1.5704619884490967,1.5704619884490967,5.894933223724365,1.6684221029281616,0.7316718427000135,0.001,0.02632507500675274,266050.7604610479,230.933374870001,1.4946876764297485,0.9988546463740137,0.6725504490481449,0.18046422268436718,0.46893535419189125,0.18046422268436715,0.46893535419189125,3.188957768327276e-08
amuse_muon,0.4,0.5,nan,8000,1.0132092237472534,1.5763275623321533,1.5763275623321533,6.236382484436035,1.694471001625061,0.7401923788646569,0.001,0.02693160100170644,266045.8152650211,246.33351189800305,1.4946876764297485,0.9988860722863695,0.6741119514613134,0.1751394224880677,0.4758316911513528,0.1751394224880677,0.47583169115135276,3.105557790291251e-08
amuse_muon,0.4,0.5,nan,8500,1.0047985315322876,1.5883852243423462,1.5883852243423462,6.393460273742676,1.7017107009887695,0.7479495848749469,0.001,0.0272584199992707,265967.4695883956,261.80645365300006,1.4946876764297485,0.9988442220877386,0.674795123926752,0.17008239111009948,0.4810394851150078,0.1700823911100995,0.4810394851150078,2.782747277891411e-08
amuse_muon,0.4,0.5,nan,9000,0.9909999966621399,1.5947160720825195,1.5947160720825195,6.1503753662109375,1.701136589050293,0.755051025721671,0.001,0.028618007003387902,264252.01743452344,279.00638457100285,1.4946876764297485,0.9986841242137654,0.6758234540624607,0.16554226186583712,0.48648733251179715,0.16554226186583712,0.48648733251179704,2.64356846302105e-08
amuse_muon,0.4,0.5,nan,9500,0.9777541160583496,1.5997612476348877,1.5997612476348877,6.623976230621338,1.7245010137557983,0.7615841757282812,0.001,0.03448445699905278,264453.28584801394,294.2825979660047,1.4946876764297485,0.99874211816716,0.6761899088065012,0.16121437447232037,0.49153586417408407,0.16121437447232037,0.491535864174084,2.733552257533042e-08
amuse_muon,0.4,0.5,nan,10000,0.9670379757881165,1.6109756231307983,1.6109756231307983,7.461800575256348,1.7332462072372437,0.7676209992275442,0.001,0.02723796499776654,264822.9158036507,309.3387887200006,1.4946876764297485,0.9987669950902317,0.6766302105010634,0.15723465220869354,0.4957112190817687,0.15723465220869354,0.4957112190817687,2.878124577783919e-08
amuse_muon,0.4,0.5,nan,10500,0.9570506811141968,1.6227531433105469,1.6227531433105469,6.809501647949219,1.7283504009246826,0.7732213161944531,0.001,0.02651634200447006,265226.687638678,324.31125527300173,1.4946876764297485,0.9987435578677764,0.6755995452358858,0.15321157564822022,0.4988608169945757,0.15321157564822022,0.4988608169945758,2.567283550649374e-08
amuse_muon,0.4,0.5,nan,11000,0.9506598711013794,1.6381670236587524,1.6381670236587524,6.7436113357543945,1.7423330545425415,0.7784353162371906,0.001,0.026266533001034986,265535.06165270664,339.3600808839983,1.4946876764297485,0.9985659433793033,0.675377768605713,0.14963986172155663,0.502405668666994,0.14963986172155663,0.502405668666994,3.150470661708742e-08
amuse_muon,0.4,0.5,nan,11500,0.9390460252761841,1.645207166671753,1.645207166671753,7.126167297363281,1.7789199352264404,0.7833054644456052,0.001,0.025275927000620868,265755.9544971489,354.4906460450002,1.4946876764297485,0.9985914784075166,0.6758924049913555,0.14646219078434475,0.5050226553442217,0.14646219078434466,0.5050226553442215,2.569203747793879e-08
amuse_muon,0.4,0.5,nan,12000,0.9310171008110046,1.6551783084869385,1.6551783084869385,7.456798553466797,1.773080825805664,0.7878679656440257,0.001,0.02601595599844586,265911.19798702357,369.6873269880016,1.4946876764297485,0.9986539510778016,0.6762725219576331,0.14345906586191798,0.508432560709994,0.14345906586191798,0.508432560709994,2.5666799587313256e-08
amuse_muon,0.4,0.5,nan,12500,0.9264528155326843,1.6587438583374023,1.6587438583374023,6.852494716644287,1.779625654220581,0.7921539030917248,0.001,0.02591482799471123,266057.559413596,384.8791224939996,1.4946876764297485,0.9987046798562212,0.6764339095317392,0.14059414791257727,0.5107980259769623,0.1405941479125773,0.5107980259769624,2.6282543067615624e-08
amuse_muon,0.4,0.5,nan,13000,0.9220863580703735,1.681682825088501,1.681682825088501,7.225040435791016,1.790621042251587,0.796190133853963,0.001,0.026027593994513154,266044.3767350728,400.2941212549995,1.4946876764297485,0.9986269739874502,0.6768490938445465,0.1379485232175235,0.5135054905221389,0.13794852321752346,0.5135054905221388,2.629099394116485e-08
amuse_muon,0.4,0.5,nan,13500,0.9150892496109009,1.6737667322158813,1.6737667322158813,6.978255271911621,1.777212142944336,0.7999999999999904,0.001,0.029935595994174946,265920.51650693,415.88366874700296,1.4946876764297485,0.9987482418353184,0.6765794542442468,0.13531589084885587,0.5154764482651198,0.13531589084885587,0.5154764482651197,2.6685590668776174e-08
amuse_muon,0.4,0.5,nan,14000,0.9119490385055542,1.6817681789398193,1.6817681789398193,7.07217264175415,1.780900001525879,0.8036038987875973,0.001,0.029778658994473517,265831.45382646093,431.431263491002,1.4946876764297485,0.9985351367086022,0.6761838666634272,0.13279987511542424,0.5173903231696456,0.13279987511542427,0.5173903231696456,2.6694599910037064e-08
amuse_muon,0.4,0.5,nan,14500,0.9067984819412231,1.6964232921600342,1.6964232921600342,6.41208028793335,1.7838785648345947,0.8070197437291875,0.001,0.026623877995007206,265946.47404079366,446.6462675560033,1.4946876764297485,0.9983881504933506,0.6765426346506623,0.13055937101301546,0.5197215022790305,0.13055937101301548,0.5197215022790307,3.1511866256685124e-08
amuse_muon,0.4,0.5,nan,15000,0.8915281295776367,1.7081499099731445,1.7081499099731445,7.044242858886719,1.8146995306015015,0.810263340389888,0.001,0.03439335400616983,265897.54307006253,462.13288991399895,1.4946876764297485,0.9986479777449219,0.6757123634797199,0.12820740670389583,0.5208637987513107,0.12820740670389588,0.5208637987513107,2.5734030000067968e-08
amuse_muon_b0.4_r0.5,0.4,0.5,nan,0,4.410679340362549,4.4163432121276855,4.4163432121276855,4.4163432121276855,4.414694309234619,0.4,0.001,nan,0.0,0.899059887000476,4.4163432121276855,nan,0.0,0.0,0.0,0.0,0.0,0.0
amuse_muon_b0.4_r0.5,0.4,0.5,nan,500,1.5801551342010498,1.7365936040878296,1.7365936040878296,1.8638999462127686,1.6683683395385742,0.4,0.001,0.026730263998615555,234951.25416453707,17.433403429000464,1.7365936040878296,0.9972344006851129,0.3187579240606793,0.1912547544364076,0.1260355750399457,0.19125475443640758,0.1260355750399457,2.5040178153104403e-08
amuse_muon_b0.4_r0.5,0.4,0.5,nan,1000,1.3871328830718994,1.5820107460021973,1.5820107460021973,1.7910919189453125,1.5757789611816406,0.4,0.001,0.026399169000796974,245675.14429653052,33.344846599997254,1.5820107460021973,0.998027271231432,0.41157270131496326,0.24694362078897794,0.1628050198449232,0.24694362078897794,0.16280501984492324,2.5171946159677464e-08
amuse_muon_b0.4_r0.5,0.4,0.5,nan,1500,1.3134205341339111,1.540774941444397,1.540774941444397,1.8343136310577393,1.566496729850769,0.4,0.001,0.026186242001131177,251031.87111296816,48.949959801997466,1.540774941444397,0.9985304548625437,0.4781554223951112,0.2868932534370667,0.18741961976440275,0.28689325343706673,0.18741961976440275,2.5244626282578862e-08
amuse_muon_b0.4_r0.5,0.4,0.5,nan,2000,1.264580488204956,1.5116024017333984,1.5116024017333984,2.0638880729675293,1.5298271179199219,0.48038475772932976,0.001,0.027180035001947545,254730.4537275672,64.31896838499961,1.5116024017333984,0.9989026812898574,0.5319558973089178,0.2764123924574851,0.24721624488461422,0.2764123924574851,0.24721624488461422,2.646268291335148e-08
amuse_muon_b0.4_r0.5,0.4,0.5,nan,2500,1.2334539890289307,1.5012699365615845,1.5012699365615845,2.5988965034484863,1.542860746383667,0.5352419984550999,0.001,0.02821114400285296,257786.790949314,79.4454980590017,1.5012699365615845,0.998946071179625,0.5727942305457987,0.26621070188491425,0.293787257912654,0.2662107018849142,0.293787257912654,2.915519387676268e-08
amuse_muon_b0.4_r0.5,0.4,0.5,nan,3000,1.198041319847107,1.4946876764297485,1.4946876764297485,2.907508373260498,1.5687110424041748,0.5757359312880599,0.001,0.027468887994473334,257786.3952942829,95.33474399199622,1.4946876764297485,0.9987236297439192,0.6007810638616297,0.25488981855902293,0.32963882393804944,0.25488981855902293,0.32963882393804944,2.6088273122718702e-08
amuse_muon_b0.4_r0.5,0.4,0.5,nan,3500,1.1687062978744507,1.49979567527771,1.49979567527771,3.4183173179626465,1.5486496686935425,0.6072077975752015,0.001,0.03514350700424984,257171.60399422343,111.48975841300125,1.4946876764297485,0.9989982819165808,0.6224673652536183,0.2445003273355303,0.3593780776579497,0.24450032733553026,0.3593780776579497,2.9681914661362802e-08
amuse_muon_b0.4_r0.5,0.4,0.5,nan,4000,1.1475017070770264,1.5112825632095337,1.5112825632095337,3.937244415283203,1.5667810440063477,0.6325765385825108,0.001,0.02828689599846257,257502.38595246585,127.25318982500175,1.4946876764297485,0.9990417082989878,0.6380342699264647,0.2344287599593623,0.3830951719736662,0.23442875995936227,0.3830951719736662,2.7419390230031756e-08
amuse_muon_b0.4_r0.5,0.4,0.5,nan,4500,1.1239970922470093,1.5183992385864258,1.5183992385864258,4.36913537979126,1.599993109703064,0.653589838486212,0.001,0.02689383200049633,259103.29678257546,142.27530277599726,1.4946876764297485,0.9988013741770968,0.6488607131267745,0.22477194443419762,0.40278400505005085,0.22477194443419762,0.40278400505005085,2.623836327769614e-08
amuse_muon_b0.4_r0.5,0.4,0.5,nan,5000,1.1044548749923706,1.5221179723739624,1.5221179723739624,4.843929290771484,1.6079356670379639,0.6713664654968878,0.001,0.11925492100272095,258698.14633826233,158.3312465889976,1.4946876764297485,0.9989663688256639,0.65730906686972,0.21601380190633862,0.41904351468102763,0.2160138019063386,0.4190435146810277,2.7088382837373983e-08
amuse_muon_b0.4_r0.5,0.4,0.5,nan,5500,1.0866390466690063,1.5313423871994019,1.5313423871994019,5.262387275695801,1.630322813987732,0.6866602192797315,0.001,0.02897455799393356,258916.00829031496,174.01782260400068,1.4946876764297485,0.998894357251957,0.6625911367410474,0.20761616149363327,0.4323034391018948,0.2076161614936332,0.4323034391018948,2.6810742887713757e-08
amuse_muon_b0.4_r0.5,0.4,0.5,nan,6000,1.0685486793518066,1.541882872581482,1.541882872581482,4.95369815826416,1.643096685409546,0.6999999999999877,0.001,0.030372602996067144,258666.90821859986,190.0204411090017,1.4946876764297485,0.9989357751821569,0.6673922537666224,0.20021767612999486,0.44405357899861825,0.2002176761299949,0.4440535789986183,2.719091964668014e-08
amuse_muon_b0.4_r0.5,0.4,0.5,nan,6500,1.049682855606079,1.5619995594024658,1.5619995594024658,5.692463397979736,1.6587625741958618,0.7117693231508311,0.001,0.028378648006764706,259182.6736915528,205.44583185899683,1.4946876764297485,0.9988877860488647,0.6699432267386841,0.19309818969340714,0.4536464027737506,0.19309818969340717,0.4536464027737506,2.9170689411810422e-08
amuse_muon_b0.4_r0.5,0.4,0.5,nan,7000,1.033326268196106,1.5672048330307007,1.5672048330307007,5.961942195892334,1.6673996448516846,0.7222539700682227,0.001,0.03106417300296016,258231.66975917394,222.06416452900157,1.4946876764297485,0.9989322525474639,0.671334367380799,0.1864604552967782,0.46161650257368203,0.18646045529677818,0.4616165025736822,2.642492302183313e-08
amuse_muon_b0.4_r0.5,0.4,0.5,nan,7500,1.0257437229156494,1.5704619884490967,1.5704619884490967,5.894933223724365,1.6684221029281616,0.7316718427000135,0.001,0.03022128600423457,258427.78644023274,237.74533244399936,1.4946876764297485,0.9988546463740137,0.6725504490481449,0.18046422268436718,0.46893535419189125,0.18046422268436715,0.46893535419189125,3.188957768327276e-08
amuse_muon_b0.4_r0.5,0.4,0.5,nan,8000,1.0132092237472534,1.5763275623321533,1.5763275623321533,6.236382484436035,1.694471001625061,0.7401923788646569,0.001,0.02786006600217661,259369.36757979667,252.67440257700218,1.4946876764297485,0.9988860722863695,0.6741119514613134,0.1751394224880677,0.4758316911513528,0.1751394224880677,0.47583169115135276,3.105557790291251e-08
amuse_muon_b0.4_r0.5,0.4,0.5,nan,8500,1.0047985315322876,1.5883852243423462,1.5883852243423462,6.393460273742676,1.7017107009887695,0.7479495848749469,0.001,0.02912710800592322,259798.41401882525,268.02319122300105,1.4946876764297485,0.9988442220877386,0.674795123926752,0.17008239111009948,0.4810394851150078,0.1700823911100995,0.4810394851150078,2.782747277891411e-08
amuse_muon_b0.4_r0.5,0.4,0.5,nan,9000,0.9909999966621399,1.5947160720825195,1.5947160720825195,6.1503753662109375,1.701136589050293,0.755051025721671,0.001,0.029275219996634405,258079.10346825025,285.67985167799634,1.4946876764297485,0.9986841242137654,0.6758234540624607,0.16554226186583712,0.48648733251179715,0.16554226186583712,0.48648733251179704,2.64356846302105e-08
amuse_muon_b0.4_r0.5,0.4,0.5,nan,9500,0.9777541160583496,1.5997612476348877,1.5997612476348877,6.623976230621338,1.7245010137557983,0.7615841757282812,0.001,0.030462950002402067,257154.6415173307,302.6350196939966,1.4946876764297485,0.99874211816716,0.6761899088065012,0.16121437447232037,0.49153586417408407,0.16121437447232037,0.491535864174084,2.733552257533042e-08
amuse_muon_b0.4_r0.5,0.4,0.5,nan,10000,0.9670379757881165,1.6109756231307983,1.6109756231307983,7.461800575256348,1.7332462072372437,0.7676209992275442,0.001,0.02775755399488844,257403.11209335263,318.25567039100133,1.4946876764297485,0.9987669950902317,0.6766302105010634,0.15723465220869354,0.4957112190817687,0.15723465220869354,0.4957112190817687,2.878124577783919e-08
amuse_muon_b0.4_r0.5,0.4,0.5,nan,10500,0.9570506811141968,1.6227531433105469,1.6227531433105469,6.809501647949219,1.7283504009246826,0.7732213161944531,0.001,0.028083014003641438,257484.15191899383,334.06327868699736,1.4946876764297485,0.9987435578677764,0.6755995452358858,0.15321157564822022,0.4988608169945757,0.15321157564822022,0.4988608169945758,2.567283550649374e-08
amuse_muon_b0.4_r0.5,0.4,0.5,nan,11000,0.9506598711013794,1.6381670236587524,1.6381670236587524,6.7436113357543945,1.7423330545425415,0.7784353162371906,0.001,0.03033410699572414,257680.3123458743,349.7046366470022,1.4946876764297485,0.9985659433793033,0.675377768605713,0.14963986172155663,0.502405668666994,0.14963986172155663,0.502405668666994,3.150470661708742e-08
amuse_muon_b0.4_r0.5,0.4,0.5,nan,11500,0.9390460252761841,1.645207166671753,1.645207166671753,7.126167297363281,1.7789199352264404,0.7833054644456052,0.001,0.02808350999839604,257980.9998451701,365.17417971300165,1.4946876764297485,0.9985914784075166,0.6758924049913555,0.14646219078434475,0.5050226553442217,0.14646219078434466,0.5050226553442215,2.569203747793879e-08
amuse_muon_b0.4_r0.5,0.4,0.5,nan,12000,0.9310171008110046,1.6551783084869385,1.6551783084869385,7.456798553466797,1.773080825805664,0.7878679656440257,0.001,0.04650737400515936,257508.47128261518,381.7505478960011,1.4946876764297485,0.9986539510778016,0.6762725219576331,0.14345906586191798,0.508432560709994,0.14345906586191798,0.508432560709994,2.5666799587313256e-08
amuse_muon_b0.4_r0.5,0.4,0.5,nan,12500,0.9264528155326843,1.6587438583374023,1.6587438583374023,6.852494716644287,1.779625654220581,0.7921539030917248,0.001,0.02897382999799447,257129.69618901165,398.24260487099673,1.4946876764297485,0.9987046798562212,0.6764339095317392,0.14059414791257727,0.5107980259769623,0.1405941479125773,0.5107980259769624,2.6282543067615624e-08
amuse_muon_b0.4_r0.5,0.4,0.5,nan,13000,0.9220863580703735,1.681682825088501,1.681682825088501,7.225040435791016,1.790621042251587,0.796190133853963,0.001,0.029542445998231415,256991.6529976672,414.3947819230016,1.4946876764297485,0.9986269739874502,0.6768490938445465,0.1379485232175235,0.5135054905221389,0.13794852321752346,0.5135054905221388,2.629099394116485e-08
amuse_muon_b0.4_r0.5,0.4,0.5,nan,13500,0.9150892496109009,1.6737667322158813,1.6737667322158813,6.978255271911621,1.777212142944336,0.7999999999999904,0.001,0.028243551998457406,256672.00275722632,430.8689643280013,1.4946876764297485,0.9987482418353184,0.6765794542442468,0.13531589084885587,0.5154764482651198,0.13531589084885587,0.5154764482651197,2.6685590668776174e-08
amuse_muon_b0.4_r0.5,0.4,0.5,nan,14000,0.9119490385055542,1.6817681789398193,1.6817681789398193,7.07217264175415,1.780900001525879,0.8036038987875973,0.001,0.028989591999561526,257260.40449903463,445.80509862500185,1.4946876764297485,0.9985351367086022,0.6761838666634272,0.13279987511542424,0.5173903231696456,0.13279987511542427,0.5173903231696456,2.6694599910037064e-08
amuse_muon_b0.4_r0.5,0.4,0.5,nan,14500,0.9067984819412231,1.6964232921600342,1.6964232921600342,6.41208028793335,1.7838785648345947,0.8070197437291875,0.001,0.02867017100652447,257491.1465129977,461.31294845900265,1.4946876764297485,0.9983881504933506,0.6765426346506623,0.13055937101301546,0.5197215022790305,0.13055937101301548,0.5197215022790307,3.1511866256685124e-08
amuse_muon_b0.4_r0.5,0.4,0.5,nan,15000,0.8915281295776367,1.7081499099731445,1.7081499099731445,7.044242858886719,1.8146995306015015,0.810263340389888,0.001,0.027630541000689846,257596.03865081468,477.0259692019972,1.4946876764297485,0.9986479777449219,0.6757123634797199,0.12820740670389583,0.5208637987513107,0.12820740670389588,0.5208637987513107,2.5734030000067968e-08
amuse_muon_b0.4_r0.8,0.4,0.8,nan,0,4.410679340362549,4.4163432121276855,4.4163432121276855,4.4163432121276855,4.414694309234619,0.4,0.001,nan,0.0,0.8988909339968814,4.4163432121276855,nan,0.0,0.0,0.0,0.0,0.0,0.0
amuse_muon_b0.4_r0.8,0.4,0.8,nan,500,1.5801551342010498,1.7365936040878296,1.7365936040878296,1.8638999462127686,1.6683683395385742,0.4,0.001,0.02719635999528691,243206.86540531635,16.84162983299757,1.7365936040878296,0.9972344006851129,0.3187579240606793,0.1912547544364076,0.1260355750399457,0.19125475443640758,0.1260355750399457,2.5040178153104403e-08
amuse_muon_b0.4_r0.8,0.4,0.8,nan,1000,1.3871328830718994,1.5820107460021973,1.5820107460021973,1.7910919189453125,1.5757789611816406,0.4,0.001,0.026015710005594883,243363.19538327836,33.66162244499719,1.5820107460021973,0.998027271231432,0.41157270131496326,0.24694362078897794,0.1628050198449232,0.24694362078897794,0.16280501984492324,2.5171946159677464e-08
amuse_muon_b0.4_r0.8,0.4,0.8,nan,1500,1.3134205341339111,1.540774941444397,1.540774941444397,1.8343136310577393,1.566496729850769,0.4,0.001,0.026172644000325818,251155.5031034958,48.925864049000666,1.540774941444397,0.9985304548625437,0.4781554223951112,0.2868932534370667,0.18741961976440275,0.28689325343706673,0.18741961976440275,2.5244626282578862e-08
amuse_muon_b0.4_r0.8,0.4,0.8,nan,2000,1.262607455253601,1.5110206604003906,1.5110206604003906,2.255903482437134,1.5282464027404785,0.5233492715280241,0.001,0.026959068003634457,249368.89167563547,65.70185996299551,1.5110206604003906,0.9989030366966359,0.5353980527860039,0.25519787188292614,0.27120302263974577,0.25519787188292614,0.27120302263974577,2.6836159137746044e-08
amuse_muon_b0.4_r0.8,0.4,0.8,nan,2500,1.2270684242248535,1.500488042831421,1.500488042831421,3.069528102874756,1.5425639152526855,0.6012761164306017,0.001,0.03427894599735737,252626.29290942496,81.06836293300148,1.500488042831421,0.9988753275625388,0.5798933680579543,0.23121733576820602,0.3352464478804403,0.231217335768206,0.3352464478804403,2.7698547871118968e-08
amuse_muon_b0.4_r0.8,0.4,0.8,nan,3000,1.1861436367034912,1.4951460361480713,1.4951460361480713,3.69038462638855,1.5646883249282837,0.6553904935008745,0.001,0.025986690001445822,252412.1274353797,97.36457693100238,1.4951460361480713,0.9988001439190095,0.6122111716937804,0.21097378975064499,0.3850963461066638,0.210973789750645,0.3850963461066638,2.6319423200956335e-08
amuse_muon_b0.4_r0.8,0.4,0.8,nan,3500,1.1515482664108276,1.5028854608535767,1.5028854608535767,4.475846290588379,1.5572776794433594,0.6953719979176936,0.001,0.026765695001813583,254883.46191712344,112.4906252619985,1.4951460361480713,0.9990107216296725,0.6388102714363627,0.19459949669731505,0.4268120892470321,0.19459949669731505,0.4268120892470322,2.7046809199459996e-08
amuse_muon_b0.4_r0.8,0.4,0.8,nan,4000,1.1245005130767822,1.5194422006607056,1.5194422006607056,5.263504505157471,1.5771105289459229,0.7262360461480426,0.001,0.030650164997496177,253718.50458196522,129.1510055760009,1.4951460361480713,0.9990549244768905,0.6595823128685976,0.18056986186172608,0.4614062362693162,0.18056986186172608,0.46140623626931626,2.574588497103885e-08
amuse_muon_b0.4_r0.8,0.4,0.8,nan,4500,1.0967408418655396,1.533856987953186,1.533856987953186,5.858487606048584,1.611498236656189,0.7508538120768821,0.001,0.026279432997398544,254225.74852970833,145.00498164800229,1.4951460361480713,0.9988620834160388,0.6760135038974822,0.1684261874806075,0.4896514882647919,0.1684261874806075,0.4896514882647918,3.0821515076966725e-08
amuse_muon_b0.4_r0.8,0.4,0.8,nan,5000,1.0727697610855103,1.5450284481048584,1.5450284481048584,6.3022918701171875,1.6376476287841797,0.7709932654228955,0.001,0.028028909997374285,253658.5129374432,161.47693813099613,1.4951460361480713,0.9990113369695169,0.6908833289880445,0.15821693514531154,0.5148313410042208,0.1582169351453115,0.5148313410042208,3.204764898303773e-08
amuse_muon_b0.4_r0.8,0.4,0.8,nan,5500,1.0511486530303955,1.5646729469299316,1.5646729469299316,6.662160396575928,1.6638498306274414,0.7878055082729516,0.001,0.027063634006481152,253763.35438355437,177.5512469460009,1.4951460361480713,0.9990396463874482,0.7015613554911329,0.1488674552437801,0.5359624757067225,0.14886745524378006,0.5359624757067225,2.6759611320825178e-08
amuse_muon_b0.4_r0.8,0.4,0.8,nan,6000,1.0291948318481445,1.5833721160888672,1.5833721160888672,7.241488456726074,1.6753969192504883,0.8020738133840529,0.001,0.02961302499898011,254842.18154387578,192.87230905899924,1.4951460361480713,0.9990170347626263,0.7131009929759825,0.14114136021178147,0.5553173980487668,0.14114136021178147,0.5553173980487667,3.073237709277534e-08
amuse_muon_b0.4_r0.8,0.4,0.8,nan,6500,1.0087840557098389,1.6131139993667603,1.6131139993667603,7.402539253234863,1.6936794519424438,0.8143505904480474,0.001,0.052558645998942666,253128.70671065667,210.35938867599907,1.4951460361480713,0.9990005311940032,0.7204523678736598,0.13375155670605113,0.5705737623271082,0.13375155670605113,0.5705737623271081,2.7760081988378097e-08
amuse_muon_b0.4_r0.8,0.4,0.8,nan,7000,0.9897300601005554,1.6254867315292358,1.6254867315292358,7.649894714355469,1.7147014141082764,0.8250371575610074,0.001,0.03823936700064223,254167.04276024806,225.6154038589957,1.4951460361480713,0.9990073928696364,0.728534845474006,0.12746652737998435,0.5846401305258265,0.12746652737998437,0.5846401305258264,3.120415746924334e-08
amuse_muon_b0.4_r0.8,0.4,0.8,nan,7500,0.9798004031181335,1.636430025100708,1.636430025100708,7.661623477935791,1.7294979095458984,0.8344324406246427,0.001,0.02590945499832742,255392.25702973863,240.57111485899804,1.4951460361480713,0.9990013981621482,0.7341308831046175,0.12154825857770722,0.5958964777198634,0.12154825857770722,0.5958964777198633,2.8783508590204097e-08
amuse_muon_b0.4_r0.8,0.4,0.8,nan,8000,0.9659856557846069,1.6526902914047241,1.6526902914047241,8.163572311401367,1.746572732925415,0.8427638982763835,0.001,0.14320516300358577,255402.89641382627,256.59849954799574,1.4951460361480713,0.9990602764901781,0.7386120476597938,0.116136479060124,0.6048462746722661,0.11613647906012399,0.6048462746722661,2.5579152986544653e-08
amuse_muon_b0.4_r0.8,0.4,0.8,nan,8500,0.9577886462211609,1.6709420680999756,1.6709420680999756,8.174612998962402,1.7685085535049438,0.8502078283700147,0.001,0.04604808599833632,254970.92123592016,273.0978092029982,1.4951460361480713,0.9989048953593849,0.744074871760799,0.11145659089635288,0.6136384906449773,0.11145659089635288,0.6136384906449772,3.097802376796904e-08
amuse_muon_b0.4_r0.8,0.4,0.8,nan,9000,0.9423529505729675,1.685097098350525,1.685097098350525,8.322134017944336,1.777147650718689,0.8569030918894641,0.001,0.029921439003373962,254612.29861399462,289.56967279799574,1.4951460361480713,0.998927553028095,0.7482353737993397,0.10707016852961657,0.621089587258132,0.10707016852961658,0.6210895872581319,2.8168071864172772e-08
amuse_muon_b0.4_r0.8,0.4,0.8,nan,9500,0.928502082824707,1.6973100900650024,1.6973100900650024,8.810916900634766,1.7986301183700562,0.8629606236947971,0.001,0.02875802799826488,253982.5348795783,306.4147699640016,1.4951460361480713,0.9988276798779876,0.7510534359090021,0.10292389442884932,0.6276655465850586,0.10292389442884933,0.6276655465850588,2.7287341170958646e-08
amuse_muon_b0.4_r0.8,0.4,0.8,nan,10000,0.9173213839530945,1.7194490432739258,1.7194490432739258,8.428808212280273,1.8174320459365845,0.868470170354017,0.001,0.027246053999988362,254585.08429132815,321.77847428899986,1.4951460361480713,0.9989268389853486,0.7551041281727869,0.09931871734354522,0.6335232730871669,0.09931871734354521,0.6335232730871668,3.041351533785891e-08
amuse_muon_b0.4_r0.8,0.4,0.8,nan,10500,0.9092278480529785,1.7404134273529053,1.7404134273529053,8.497480392456055,1.8338168859481812,0.8735051575776004,0.001,0.03201088900095783,254917.8829422472,337.42630766899674,1.4951460361480713,0.9987662542734905,0.7574185648914025,0.09580954201373802,0.6383055375741991,0.09580954201373801,0.6383055375741991,2.8821160039690192e-08
amuse_muon_b0.4_r0.8,0.4,0.8,nan,11000,0.9023424386978149,1.7646160125732422,1.7646160125732422,8.746955871582031,1.8482086658477783,0.8781262682068524,0.001,0.02714615700097056,255019.66038604494,353.35314878699864,1.4951460361480713,0.998708217076875,0.7588309707345066,0.09248156220363114,0.641631748607999,0.09248156220363112,0.6416317486079989,2.5615211996678965e-08
amuse_muon_b0.4_r0.8,0.4,0.8,nan,11500,0.890114426612854,1.7771022319793701,1.7771022319793701,8.47976016998291,1.8688182830810547,0.8823841137610032,0.001,0.026585779000015464,255195.648754249,369.1598993160005,1.4951460361480713,0.9988358430212083,0.7618784550288021,0.08960900969461019,0.6450056265174685,0.0896090096946102,0.6450056265174686,2.6064801749846106e-08
amuse_muon_b0.4_r0.8,0.4,0.8,nan,12000,0.8825456500053406,1.7933317422866821,1.7933317422866821,8.445728302001953,1.8727340698242188,0.8863212575117115,0.001,0.026376950001576915,254633.52908922563,386.06070595500205,1.4951460361480713,0.9987674646031676,0.7637330914559112,0.086820217433401,0.6485220321740516,0.08682021743340099,0.6485220321740516,2.6774829543552492e-08
amuse_muon_b0.4_r0.8,0.4,0.8,nan,12500,0.8777949213981628,1.797694444656372,1.797694444656372,8.492342948913574,1.902682900428772,0.8899737662212541,0.001,0.02818305900291307,254316.6578293763,402.6476317909983,1.4951460361480713,0.9988288262026408,0.7651179270879199,0.08418304391408493,0.65096822946175,0.08418304391408492,0.65096822946175,2.5901985932567778e-08
amuse_muon_b0.4_r0.8,0.4,0.8,nan,13000,0.8731613159179688,1.8282690048217773,1.8282690048217773,8.580681800842285,1.905030608177185,0.8933724143207495,0.001,0.027064392997999676,254405.89118629883,418.6066584520013,1.4951460361480713,0.9987629638086797,0.7662678869943735,0.08170529477375077,0.652408818862371,0.08170529477375077,0.6524088188623709,2.540864899548722e-08
amuse_muon_b0.4_r0.8,0.4,0.8,nan,13500,0.8646920919418335,1.82607102394104,1.82607102394104,9.409174919128418,1.8981164693832397,0.8965436284056347,0.001,0.026254714000970125,254648.07386686336,434.2934871670004,1.4951460361480713,0.9987818725255534,0.7687619017289964,0.07953331697286598,0.6553061750268462,0.07953331697286596,0.655306175026846,2.5806015814324543e-08
amuse_muon_b0.4_r0.8,0.4,0.8,nan,14000,0.8620336651802063,1.8326551914215088,1.8326551914215088,10.851034164428711,1.9095042943954468,0.899510235352361,0.001,0.034034301999781746,253822.3431945705,451.84359484099696,1.4951460361480713,0.9986865054877252,0.7697484028375086,0.07735183583903728,0.6567426152968561,0.07735183583903728,0.6567426152968561,3.4169341510374586e-08
amuse_muon_b0.4_r0.8,0.4,0.8,nan,14500,0.8555148839950562,1.8562462329864502,1.8562462329864502,9.043209075927734,1.9288297891616821,0.9022920602712807,0.001,0.02698614999826532,254069.50618882227,467.52560660200106,1.4951460361480713,0.9985573786968227,0.7716698861604696,0.07539827472743485,0.6591418211028691,0.07539827472743482,0.659141821102869,2.714653075453346e-08
amuse_muon_b0.4_r0.8,0.4,0.8,nan,15000,0.8432332277297974,1.8705962896347046,1.8705962896347046,7.7241034507751465,1.9515619277954102,0.9049064084523257,0.001,0.026181358996836934,254086.05583159908,483.615677365,1.4951460361480713,0.9986460191745069,0.7736580287914652,0.07356992058747441,0.6610959359343926,0.07356992058747441,0.6610959359343926,2.8381791819924556e-08
amuse_muon_b0.6_r0.5,0.6,0.5,nan,0,4.410679340362549,4.4163432121276855,4.4163432121276855,4.4163432121276855,4.414694309234619,0.6,0.001,nan,0.0,0.8947195470027509,4.4163432121276855,nan,0.0,0.0,0.0,0.0,0.0,0.0
amuse_muon_b0.6_r0.5,0.6,0.5,nan,500,1.5580699443817139,1.7274219989776611,1.7274219989776611,2.2923781871795654,1.6866562366485596,0.6,0.001,0.027140794998558704,248116.9778172286,16.508342298999196,1.7274219989776611,0.9973438533084028,0.32647230753701484,0.13058892301480593,0.19335895756215982,0.13058892301480593,0.19335895756215984,2.6203271625729516e-08
amuse_muon_b0.6_r0.5,0.6,0.5,nan,1000,1.3726222515106201,1.5828545093536377,1.5828545093536377,2.3028903007507324,1.5885193347930908,0.6,0.001,0.028352314999210648,251966.81906389928,32.512217404000694,1.5828545093536377,0.9979227166745989,0.4146385974951584,0.1658554389980634,0.24837554387409858,0.16585543899806338,0.2483755438740986,2.71468959240748e-08
amuse_muon_b0.6_r0.5,0.6,0.5,nan,1500,1.3001625537872314,1.5417439937591553,1.5417439937591553,2.3753623962402344,1.5627020597457886,0.6,0.001,0.027925725997192785,255833.0719798619,48.03131942600157,1.5417439937591553,0.9985845833809158,0.48061183318146444,0.19224473327258584,0.2889485085410525,0.1922447332725858,0.28894850854105236,2.8256517830349725e-08
amuse_muon_b0.6_r0.5,0.6,0.5,nan,2000,1.2538952827453613,1.516648530960083,1.516648530960083,2.8778514862060547,1.5410449504852295,0.6535898384862198,0.001,0.027456922995042987,260710.23414947366,62.843716333001794,1.516648530960083,0.998737176009473,0.5388050214572462,0.18664753450744048,0.3503953821399282,0.18664753450744048,0.3503953821399281,2.588486834432236e-08
amuse_muon_b0.6_r0.5,0.6,0.5,nan,2500,1.2230827808380127,1.509298324584961,1.509298324584961,3.655463457107544,1.542310357093811,0.6901613323033999,0.001,0.026391257997602224,257965.5044306333,79.39045976399939,1.509298324584961,0.9988474060485749,0.5861705409900344,0.1816182994633476,0.3991654624038144,0.18161829946334757,0.3991654624038144,2.7255066053634774e-08
amuse_muon_b0.6_r0.5,0.6,0.5,nan,3000,1.1868278980255127,1.50350022315979,1.50350022315979,4.045489311218262,1.5591769218444824,0.7171572875253733,0.001,0.026397080000606366,260435.9929642154,94.364836904002,1.50350022315979,0.9988051565807553,0.6216321848462639,0.17582413332344585,0.43707469825705725,0.1758241333234458,0.4370746982570571,2.782141649065168e-08
amuse_muon_b0.6_r0.5,0.6,0.5,nan,3500,1.1586956977844238,1.5100123882293701,1.5100123882293701,4.298486232757568,1.5553184747695923,0.738138531716801,0.001,0.03630749200237915,262433.6883008091,109.25426604200038,1.50350022315979,0.9989254918399828,0.6492622887330449,0.17001677622854544,0.4670717426157575,0.17001677622854544,0.46707174261575757,3.0603645375120694e-08
amuse_muon_b0.6_r0.5,0.6,0.5,nan,4000,1.1394764184951782,1.5223644971847534,1.5223644971847534,4.715506076812744,1.5689741373062134,0.7550510257216738,0.001,0.02634225100337062,261382.20173613538,125.36431242200342,1.50350022315979,0.9990053108101528,0.6724042712219169,0.16470473653617398,0.49236647123178273,0.16470473653617398,0.49236647123178273,2.6434053886132753e-08
amuse_muon_b0.6_r0.5,0.6,0.5,nan,4500,1.117676019668579,1.531941533088684,1.531941533088684,5.020709991455078,1.5978196859359741,0.7690598923241413,0.001,0.0260951450036373,259851.29959305478,141.8657519039989,1.50350022315979,0.9988470094246309,0.6896884861734769,0.1592767332597027,0.5121537977549808,0.15927673325970274,0.5121537977549808,2.588626421035885e-08
amuse_muon_b0.6_r0.5,0.6,0.5,nan,5000,1.1005419492721558,1.5358108282089233,1.5358108282089233,5.512500286102295,1.596179485321045,0.7809109769979252,0.001,0.02570077500422485,260768.5480402346,157.07415755400143,1.50350022315979,0.9989940432445797,0.7043581484487283,0.15431713858718227,0.5287650551552289,0.15431713858718224,0.528765055155229,2.6339607884992448e-08
amuse_muon_b0.6_r0.5,0.6,0.5,nan,5500,1.082415223121643,1.5472384691238403,1.5472384691238403,5.503599166870117,1.6272335052490234,0.7911068128531543,0.001,0.02846886400220683,258259.78318675075,174.45999312800268,1.50350022315979,0.9990316001306241,0.7144308354553699,0.1492397342142559,0.541416679062164,0.1492397342142559,0.5414166790621638,2.6204460189217944e-08
amuse_muon_b0.6_r0.5,0.6,0.5,nan,6000,1.064600944519043,1.5611965656280518,1.5611965656280518,5.930997848510742,1.6336008310317993,0.7999999999999918,0.001,0.042235232998791616,259133.34032165524,189.67841011499695,1.50350022315979,0.9990133691535271,0.7241245496379071,0.1448249099275873,0.5534744085911097,0.14482490992758734,0.5534744085911097,2.7024441710728997e-08
amuse_muon_b0.6_r0.5,0.6,0.5,nan,6500,1.0489394664764404,1.5813322067260742,1.5813322067260742,6.435437202453613,1.632189154624939,0.8078462154338873,0.001,0.03056239500438096,259002.0470407816,205.589108690001,1.50350022315979,0.9989598825790307,0.7302928779707315,0.14032854034375433,0.5623910855972956,0.14032854034375433,0.5623910855972956,3.267663560773714e-08
amuse_muon_b0.6_r0.5,0.6,0.5,nan,7000,1.0340540409088135,1.5842225551605225,1.5842225551605225,6.376540184020996,1.6638504266738892,0.8148359800454817,0.001,0.028421974995580968,259603.24747753478,220.89091934399767,1.50350022315979,0.9989134089785056,0.7363597016772369,0.136347322495067,0.5703454635442315,0.136347322495067,0.5703454635442314,2.780706798780602e-08
amuse_muon_b0.6_r0.5,0.6,0.5,nan,7500,1.0274574756622314,1.5920114517211914,1.5920114517211914,7.059687614440918,1.665909767150879,0.8211145618000091,0.001,0.02978798399999505,259375.3516203172,236.8767873129982,1.50350022315979,0.9990069752820098,0.7411544879597394,0.1325817453525679,0.5772622908671513,0.13258174535256786,0.5772622908671512,3.041669424227456e-08
amuse_muon_b0.6_r0.5,0.6,0.5,nan,8000,1.0146223306655884,1.594556450843811,1.594556450843811,7.866917610168457,1.679377794265747,0.8267949192431046,0.001,0.028403365999110974,259857.75670696894,252.199514189997,1.50350022315979,0.9989366128819409,0.7431021520171522,0.12870906825075365,0.5816267675028078,0.12870906825075365,0.5816267675028078,2.5568174427229476e-08
amuse_muon_b0.6_r0.5,0.6,0.5,nan,8500,1.0086333751678467,1.609979271888733,1.609979271888733,6.949617862701416,1.6896140575408936,0.8319663899166313,0.001,0.032548535004025325,259505.3004209849,268.32592585599923,1.50350022315979,0.9988620420808688,0.7465438218359653,0.1254444534685325,0.585967970321409,0.12544445346853247,0.5859679703214088,2.6640183531187455e-08
amuse_muon_b0.6_r0.5,0.6,0.5,nan,9000,0.9939610362052917,1.6135051250457764,1.6135051250457764,7.2870025634765625,1.6954275369644165,0.8367006838144474,0.001,0.04040204000193626,259502.48807695057,284.11288287200296,1.50350022315979,0.9988182200146168,0.7474804006202058,0.12206303828338257,0.5887072993107085,0.12206303828338252,0.5887072993107085,2.5880245201913765e-08
amuse_muon_b0.6_r0.5,0.6,0.5,nan,9500,0.9834226369857788,1.6198740005493164,1.6198740005493164,6.53635311126709,1.722869873046875,0.8410561171521874,0.001,0.028572064999025315,259266.52458590924,300.16987393300224,1.50350022315979,0.9987623964885394,0.7488071707267602,0.11901831921959616,0.5916585233168719,0.11901831921959616,0.5916585233168719,2.64372729460582e-08
amuse_muon_b0.6_r0.5,0.6,0.5,nan,10000,0.9762927889823914,1.6306778192520142,1.6306778192520142,7.241713047027588,1.724984884262085,0.8450806661516962,0.001,0.025504787001409568,259735.10413696113,315.3982603629993,1.50350022315979,0.9988040802152194,0.7507154216027618,0.1163003330243484,0.5944504032625066,0.1163003330243484,0.5944504032625066,2.6145564232147205e-08
amuse_muon_b0.6_r0.5,0.6,0.5,nan,10500,0.9652907252311707,1.646549940109253,1.646549940109253,7.589346408843994,1.7338873147964478,0.848814210796302,0.001,0.028366429003654048,258907.2286692991,332.22710869099683,1.50350022315979,0.9987748737738974,0.7500756447510852,0.1134007783141654,0.5951819889879879,0.11340077831416541,0.595181988987988,3.031590041084162e-08
amuse_muon_b0.6_r0.5,0.6,0.5,nan,11000,0.958672821521759,1.6619281768798828,1.6619281768798828,6.577065467834473,1.7282482385635376,0.8522902108247937,0.001,0.02751200000056997,257826.01797605792,349.50700750599935,1.50350022315979,0.9987741448490858,0.7512407004495655,0.11096560548323962,0.5976955910610711,0.11096560548323961,0.5976955910610712,2.5620209600513525e-08
amuse_muon_b0.6_r0.5,0.6,0.5,nan,11500,0.9485653638839722,1.6676380634307861,1.6676380634307861,6.300351142883301,1.7595676183700562,0.8555369762970702,0.001,0.025913523000781424,257427.8284936696,365.9588807909968,1.50350022315979,0.998777036736832,0.7521796677151411,0.10866214916599434,0.5993305860357236,0.10866214916599433,0.5993305860357236,3.0163278740847176e-08
amuse_muon_b0.6_r0.5,0.6,0.5,nan,12000,0.9402966499328613,1.678640604019165,1.678640604019165,8.113459587097168,1.7618614435195923,0.8585786437626838,0.001,0.029774891001579817,257532.15060366187,381.71544705999986,1.50350022315979,0.9986953007057147,0.7519393216606793,0.1063402786774209,0.5998673390622924,0.10634027867742084,0.5998673390622922,3.035488265586693e-08
amuse_muon_b0.6_r0.5,0.6,0.5,nan,12500,0.939581036567688,1.6796836853027344,1.6796836853027344,8.22183895111084,1.7768943309783936,0.8614359353944832,0.001,0.034219526998640504,257203.12521885312,398.1289104199968,1.50350022315979,0.9987054658332817,0.7516790460341101,0.1041557038972837,0.6005840501254275,0.1041557038972837,0.6005840501254275,2.777627238668832e-08
amuse_muon_b0.6_r0.5,0.6,0.5,nan,13000,0.9337505102157593,1.705397367477417,1.705397367477417,7.781942844390869,1.7852363586425781,0.864126755902642,0.001,0.025557058994309045,256992.96692052437,414.3926632549992,1.50350022315979,0.9986713962243869,0.7521441405836394,0.10219626440991837,0.6017733243430952,0.1021962644099184,0.6017733243430952,2.7594184038771214e-08
amuse_muon_b0.6_r0.5,0.6,0.5,nan,13500,0.9258290529251099,1.6966689825057983,1.6966689825057983,7.3414154052734375,1.7732194662094116,0.8666666666666603,0.001,0.030851331001031213,256541.84420737866,431.0875691320034,1.50350022315979,0.9987392850579263,0.7528149622838363,0.1003753283045163,0.6023118037850346,0.10037532830451633,0.6023118037850346,2.608389808857206e-08
amuse_muon_b0.6_r0.5,0.6,0.5,nan,14000,0.9202234148979187,1.702024221420288,1.702024221420288,7.541910648345947,1.7764211893081665,0.8690692658583982,0.001,0.027777657996921334,256414.08479626948,447.2765218459972,1.50350022315979,0.9985195794209221,0.7535807361176531,0.09866687901485305,0.6035161622807959,0.09866687901485305,0.603516162280796,2.7078127110273287e-08
amuse_muon_b0.6_r0.5,0.6,0.5,nan,14500,0.9172388315200806,1.7198574542999268,1.7198574542999268,7.980698585510254,1.784581184387207,0.8713464958194583,0.001,0.04073517199867638,256410.03784400155,463.2579948850034,1.50350022315979,0.9986040128522454,0.7532801034605927,0.09691212493968623,0.6046231018263146,0.09691212493968622,0.6046231018263145,3.055708890949025e-08
amuse_muon_b0.6_r0.5,0.6,0.5,nan,15000,0.9058941602706909,1.7261254787445068,1.7261254787445068,7.026165008544922,1.80767822265625,0.8735088935932587,0.001,0.03446804200211773,255620.84363316104,480.7119726759993,1.50350022315979,0.9986145361721005,0.7527545107772613,0.09521675092088105,0.6053317423612591,0.09521675092088107,0.6053317423612593,3.086947892440397e-08
amuse_muon_b0.6_r0.8,0.6,0.8,nan,0,4.410679340362549,4.4163432121276855,4.4163432121276855,4.4163432121276855,4.414694309234619,0.6,0.001,nan,0.0,0.8969225350010674,4.4163432121276855,nan,0.0,0.0,0.0,0.0,0.0,0.0
amuse_muon_b0.6_r0.8,0.6,0.8,nan,500,1.5580699443817139,1.7274219989776611,1.7274219989776611,2.2923781871795654,1.6866562366485596,0.6,0.001,0.02557566399627831,241270.5147395963,16.97679471700394,1.7274219989776611,0.9973438533084028,0.32647230753701484,0.13058892301480593,0.19335895756215982,0.13058892301480593,0.19335895756215984,2.6203271625729516e-08
amuse_muon_b0.6_r0.8,0.6,0.8,nan,1000,1.3726222515106201,1.5828545093536377,1.5828545093536377,2.3028903007507324,1.5885193347930908,0.6,0.001,0.0354133790024207,236313.91883180046,34.66575325099984,1.5828545093536377,0.9979227166745989,0.4146385974951584,0.1658554389980634,0.24837554387409858,0.16585543899806338,0.2483755438740986,2.71468959240748e-08
amuse_muon_b0.6_r0.8,0.6,0.8,nan,1500,1.3001625537872314,1.5417439937591553,1.5417439937591553,2.3753623962402344,1.5627020597457886,0.6,0.001,0.025343308996525593,245322.26275307362,50.08921678000479,1.5417439937591553,0.9985845833809158,0.48061183318146444,0.19224473327258584,0.2889485085410525,0.1922447332725858,0.28894850854105236,2.8256517830349725e-08
amuse_muon_b0.6_r0.8,0.6,0.8,nan,2000,1.252404808998108,1.5162702798843384,1.5162702798843384,3.1325531005859375,1.5394755601882935,0.6822328476853494,0.001,0.03398570399440359,242266.1834480276,67.62809306200506,1.5162702798843384,0.9987484586616054,0.5423686652675823,0.17234694626677757,0.3681292385404756,0.17234694626677757,0.3681292385404756,2.6081559642095403e-08
amuse_muon_b0.6_r0.8,0.6,0.8,nan,2500,1.2183384895324707,1.509547233581543,1.509547233581543,4.15834379196167,1.540419578552246,0.7341840776204012,0.001,0.027054063000832684,242836.63943096023,84.33653195000079,1.509547233581543,0.9988460733372394,0.5940214156637474,0.1579003505178941,0.4308139272951474,0.1579003505178941,0.43081392729514734,2.621018869995885e-08
amuse_muon_b0.6_r0.8,0.6,0.8,nan,3000,1.1785862445831299,1.5056698322296143,1.5056698322296143,4.6317057609558105,1.55634343624115,0.7702603290005829,0.001,0.028393582004355267,244900.4675514299,100.35097215499991,1.5056698322296143,0.9988672701835529,0.6335890196466868,0.14556053292247303,0.4800750544201921,0.145560532922473,0.48007505442019205,2.5892814778418017e-08
amuse_muon_b0.6_r0.8,0.6,0.8,nan,3500,1.1477153301239014,1.5144895315170288,1.5144895315170288,5.004741668701172,1.5566049814224243,0.7969146652784623,0.001,0.02608788300130982,247213.16784710085,115.98087694800051,1.5056698322296143,0.9989768936823485,0.666061184083448,0.13526725851461072,0.5202567334516992,0.13526725851461077,0.5202567334516993,3.201713780121473e-08
amuse_muon_b0.6_r0.8,0.6,0.8,nan,4000,1.1258325576782227,1.5317498445510864,1.5317498445510864,5.842565059661865,1.572206735610962,0.8174906974320284,0.001,0.025361186999361962,248193.7195962467,132.02590320700256,1.5056698322296143,0.9990391329600352,0.6946845749176792,0.12678639727295346,0.5545065332111022,0.12678639727295346,0.5545065332111022,2.5529141138757346e-08
amuse_muon_b0.6_r0.8,0.6,0.8,nan,4500,1.10238778591156,1.5461342334747314,1.5461342334747314,5.676819801330566,1.6054874658584595,0.8339025413845881,0.001,0.025982323997595813,251219.29763138155,146.7403195040024,1.5056698322296143,0.9989819849397626,0.7168653632250129,0.11906951500108882,0.582079522884823,0.11906951500108882,0.582079522884823,2.55820114182249e-08
amuse_muon_b0.6_r0.8,0.6,0.8,nan,5000,1.0835213661193848,1.5569429397583008,1.5569429397583008,6.534741401672363,1.6130033731460571,0.8473288436152636,0.001,0.02643676000298001,253579.4167528305,161.52730582200456,1.5056698322296143,0.999047162224029,0.7372313858471345,0.11255396820040381,0.6058331808331071,0.11255396820040381,0.6058331808331072,2.553790237477095e-08
amuse_muon_b0.6_r0.8,0.6,0.8,nan,5500,1.0644278526306152,1.5750781297683716,1.5750781297683716,6.034397125244141,1.642988920211792,0.8585370055153011,0.001,0.02579031599452719,255137.43004427743,176.59502171900385,1.5056698322296143,0.9991205405868601,0.7531781943814163,0.10654684275777378,0.6245220206359451,0.10654684275777378,0.6245220206359451,2.728427435263699e-08
amuse_muon_b0.6_r0.8,0.6,0.8,nan,6000,1.0458587408065796,1.5954536199569702,1.5954536199569702,6.859194755554199,1.6594892740249634,0.868049208922702,0.001,0.030026317996089347,253839.80490446632,193.63393388400436,1.5056698322296143,0.999067673628144,0.7690996432199197,0.10148330634013608,0.6413737200172593,0.10148330634013607,0.6413737200172593,2.5639515252220737e-08
amuse_muon_b0.6_r0.8,0.6,0.8,nan,6500,1.0293495655059814,1.621140480041504,1.621140480041504,7.065971374511719,1.6568351984024048,0.8762337269653648,0.001,0.025745345999894198,255291.96207879626,208.57687632000307,1.5056698322296143,0.9990112078951764,0.7799023532383204,0.09652560759124844,0.6544845351741956,0.09652560759124844,0.6544845351741955,3.469624601652163e-08
amuse_muon_b0.6_r0.8,0.6,0.8,nan,7000,1.0133074522018433,1.6310787200927734,1.6310787200927734,7.729856967926025,1.6981273889541626,0.8833581050406716,0.001,0.02667731000110507,254618.390662726,225.2154679430023,1.5056698322296143,0.9990286826951983,0.7897739700318046,0.09212073245406156,0.6654407542712047,0.09212073245406155,0.6654407542712049,2.846999288100007e-08
amuse_muon_b0.6_r0.8,0.6,0.8,nan,7500,1.0051863193511963,1.647157907485962,1.647157907485962,7.6138200759887695,1.7076752185821533,0.8896216270830951,0.001,0.03353677699487889,253631.39972670103,242.24130003699975,1.5056698322296143,0.9990301116548043,0.8012093399860979,0.08843618331349276,0.6763311099758782,0.08843618331349275,0.6763311099758782,2.7120916370121262e-08
amuse_muon_b0.6_r0.8,0.6,0.8,nan,8000,0.9928027987480164,1.6553993225097656,1.6553993225097656,7.929232597351074,1.7260977029800415,0.8951759321842557,0.001,0.025876289000734687,253481.0594810285,258.5439722170049,1.5056698322296143,0.9990546392304015,0.807446657064302,0.0846398431377044,0.6828477866822708,0.0846398431377044,0.6828477866822708,2.543929037345518e-08
amuse_muon_b0.6_r0.8,0.6,0.8,nan,8500,0.9865180850028992,1.6775823831558228,1.6775823831558228,6.8081769943237305,1.7433948516845703,0.9001385522466765,0.001,0.027734392002457753,254768.31704408707,273.31498990100226,1.5056698322296143,0.9989815068688063,0.8145258966931208,0.08133973527634908,0.6889701586916392,0.08133973527634906,0.6889701586916391,2.568487809661398e-08
amuse_muon_b0.6_r0.8,0.6,0.8,nan,9000,0.9717439413070679,1.6872621774673462,1.6872621774673462,7.729744911193848,1.7419211864471436,0.9046020612596427,0.001,0.026207392998912837,255942.67051964768,288.0645101120026,1.5056698322296143,0.9989558298392655,0.8207463992275872,0.07829751471488218,0.6944944241027782,0.0782975147148822,0.6944944241027781,2.689496459364227e-08
amuse_muon_b0.6_r0.8,0.6,0.8,nan,9500,0.9608144760131836,1.6970771551132202,1.6970771551132202,8.0391845703125,1.775286316871643,0.9086404157965313,0.001,0.025596045001293533,257132.923099296,302.66058139099914,1.5056698322296143,0.9988806809018793,0.8264623200606612,0.07550525392057607,0.6989277024271661,0.07550525392057607,0.6989277024271661,3.4958581992250735e-08
amuse_muon_b0.6_r0.8,0.6,0.8,nan,10000,0.9531587362289429,1.7116050720214844,1.7116050720214844,8.243755340576172,1.7883923053741455,0.912313446902678,0.001,0.026233830001729075,258276.67482104682,317.1792422090002,1.5056698322296143,0.9989233417880471,0.8314251089709858,0.07290480196423109,0.702170450499451,0.07290480196423106,0.7021704504994508,2.810499741896084e-08
amuse_muon_b0.6_r0.8,0.6,0.8,nan,10500,0.9428993463516235,1.7349941730499268,1.7349941730499268,7.918327331542969,1.7934601306915283,0.9156701050517336,0.001,0.02514103500288911,259545.49533076189,331.4101055400024,1.5056698322296143,0.9988992029552765,0.8350645109568784,0.07042090248401899,0.7050850399171793,0.07042090248401899,0.7050850399171793,2.6278836059382397e-08
amuse_muon_b0.6_r0.8,0.6,0.8,nan,11000,0.9353928565979004,1.7541534900665283,1.7541534900665283,8.44050407409668,1.8047065734863281,0.9187508454712349,0.001,0.025666957997600548,260297.6873970299,346.18824662300176,1.5056698322296143,0.9988494932880886,0.8383660076944673,0.06811652931083167,0.7080795509183484,0.06811652931083167,0.7080795509183482,3.2070391465678966e-08
amuse_muon_b0.6_r0.8,0.6,0.8,nan,11500,0.9244648218154907,1.7635133266448975,1.7635133266448975,8.782010078430176,1.8374769687652588,0.9215894091740021,0.001,0.026631068001734093,259594.03468097447,362.9051034080039,1.5056698322296143,0.9988694225282319,0.8415495189920721,0.06598639499350269,0.7096172006525137,0.0659863949935027,0.7096172006525137,3.308600173460862e-08
amuse_muon_b0.6_r0.8,0.6,0.8,nan,12000,0.9161691665649414,1.779359221458435,1.779359221458435,8.774238586425781,1.8414342403411865,0.9242141716744743,0.001,0.026639333002094645,259058.07952940586,379.467029858999,1.5056698322296143,0.9988386131314212,0.8435328791728631,0.06392783796793103,0.7110284101430321,0.06392783796793103,0.7110284101430321,2.7463512425236748e-08
amuse_muon_b0.6_r0.8,0.6,0.8,nan,12500,0.9143328666687012,1.7807213068008423,1.7807213068008423,8.439306259155273,1.8657115697860718,0.9266491774808361,0.001,0.025892593002936337,259315.66562272972,394.8855143559995,1.5056698322296143,0.9988393131154828,0.8462160417223255,0.062070642689243706,0.7121152384549049,0.0620706426892437,0.712115238454905,3.270692567465023e-08
amuse_muon_b0.6_r0.8,0.6,0.8,nan,13000,0.9100489616394043,1.8159173727035522,1.8159173727035522,8.370827674865723,1.8690693378448486,0.9289149428804997,0.001,0.025510879000648856,260322.34883373647,409.09280542800116,1.5056698322296143,0.9988882893653916,0.8471522291453848,0.06021986459771169,0.7131619769583813,0.06021986459771169,0.7131619769583813,3.113733742243651e-08
amuse_muon_b0.6_r0.8,0.6,0.8,nan,13500,0.9022568464279175,1.8085367679595947,1.8085367679595947,9.902929306030273,1.860944151878357,0.9310290856037564,0.001,0.025589929995476268,261188.61374821948,423.4181514000011,1.5056698322296143,0.9987750135560323,0.8484523679390872,0.05851853563841696,0.7128625548985917,0.05851853563841695,0.7128625548985916,2.564061710965674e-08
amuse_muon_b0.6_r0.8,0.6,0.8,nan,14000,0.896070122718811,1.8185898065567017,1.8185898065567017,9.23330020904541,1.8593171834945679,0.9330068235682406,0.001,0.025292867998359725,261711.3402838067,438.22327254000265,1.5056698322296143,0.9987782617097694,0.8506192975421005,0.05698568867649717,0.7138496331647073,0.05698568867649718,0.7138496331647075,2.5240299174434755e-08
amuse_muon_b0.6_r0.8,0.6,0.8,nan,14500,0.8939404487609863,1.8409576416015625,1.8409576416015625,7.057995796203613,1.882978081703186,0.9348613735141871,0.001,0.02579574700212106,262371.8519934672,452.73149195500446,1.5056698322296143,0.998711123765385,0.8515193119800021,0.05546679840852176,0.7131410838048888,0.05546679840852176,0.7131410838048888,2.725377124187076e-08
amuse_muon_b0.6_r0.8,0.6,0.8,nan,15000,0.8827037811279297,1.8514463901519775,1.8514463901519775,8.74632453918457,1.9119081497192383,0.9366042723015505,0.001,0.026600977005728055,262984.52024093416,467.2518362960036,1.5056698322296143,0.9988038798973853,0.853799841933287,0.05412726228818186,0.7141583197336185,0.05412726228818186,0.7141583197336184,2.7007119304738178e-08
sf_muon_fixed_beta_0.6,0.6,nan,0.6,0,4.410679340362549,4.4163432121276855,4.4163432121276855,4.4163432121276855,4.414694309234619,0.6,0.001,nan,0.0,0.8931598429990117,4.4163432121276855,nan,0.0,0.0,0.0,0.0,0.0,0.0
sf_muon_fixed_beta_0.6,0.6,nan,0.6,500,1.5580699443817139,1.7274219989776611,1.7274219989776611,2.2923781871795654,1.6866562366485596,0.6,0.001,0.02676346399675822,264274.7613614683,15.499020711999037,1.7274219989776611,0.9973438533084028,0.32647230753701484,0.13058892301480593,0.19335895756215982,0.13058892301480593,0.19335895756215984,2.6203271625729516e-08
sf_muon_fixed_beta_0.6,0.6,nan,0.6,1000,1.3726222515106201,1.5828545093536377,1.5828545093536377,2.3028903007507324,1.5885193347930908,0.6,0.001,0.02555169400147861,271761.8125329864,30.144043872998736,1.5828545093536377,0.9979227166745989,0.4146385974951584,0.1658554389980634,0.24837554387409858,0.16585543899806338,0.2483755438740986,2.71468959240748e-08
sf_muon_fixed_beta_0.6,0.6,nan,0.6,1500,1.3001625537872314,1.5417439937591553,1.5417439937591553,2.3753623962402344,1.5627020597457886,0.6,0.001,0.025608963005652186,274533.0767380866,44.759633869995014,1.5417439937591553,0.9985845833809158,0.48061183318146444,0.19224473327258584,0.2889485085410525,0.1922447332725858,0.28894850854105236,2.8256517830349725e-08
sf_muon_fixed_beta_0.6,0.6,nan,0.6,2000,1.2563588619232178,1.5171436071395874,1.5171436071395874,2.520515203475952,1.5461913347244263,0.6,0.001,0.026068815001053736,276886.82456245046,59.17219075299363,1.5171436071395874,0.9986420604265795,0.5333107264355605,0.21332429057422425,0.31829533850097974,0.21332429057422422,0.31829533850097974,2.9055206428650857e-08
sf_muon_fixed_beta_0.6,0.6,nan,0.6,2500,1.2313261032104492,1.5095481872558594,1.5095481872558594,2.8038110733032227,1.542933702468872,0.6,0.001,0.02512879099958809,278114.4870506136,73.63873855400016,1.5095481872558594,0.9989150139367536,0.5753029892609782,0.23012119570439124,0.3386874471868365,0.2301211957043913,0.3386874471868365,2.9603649460423968e-08
sf_muon_fixed_beta_0.6,0.6,nan,0.6,3000,1.2020184993743896,1.5023311376571655,1.5023311376571655,2.8538665771484375,1.5671963691711426,0.6,0.001,0.026029275002656505,278782.96489548695,88.15459728399583,1.5023311376571655,0.9987254089482495,0.6053456963706484,0.24213827854825937,0.3515882729330523,0.24213827854825937,0.35158827293305234,2.988243106454927e-08
sf_muon_fixed_beta_0.6,0.6,nan,0.6,3500,1.1804183721542358,1.5072828531265259,1.5072828531265259,3.0810866355895996,1.5611368417739868,0.6,0.001,0.02598671300074784,279684.4452926145,102.51553306799906,1.5023311376571655,0.9988112652890876,0.6270484178150687,0.2508193671260275,0.3592176625624553,0.2508193671260275,0.3592176625624553,3.014260065727107e-08
sf_muon_fixed_beta_0.6,0.6,nan,0.6,4000,1.168125867843628,1.5150343179702759,1.5150343179702759,3.3389182090759277,1.5627105236053467,0.6,0.001,0.02663193899934413,279531.21736774704,117.2248320189974,1.5023311376571655,0.9989441193610034,0.6429336821043734,0.2571734728417494,0.36397064670101165,0.25717347284174935,0.3639706467010116,3.032068098275609e-08
sf_muon_fixed_beta_0.6,0.6,nan,0.6,4500,1.1527312994003296,1.5188405513763428,1.5188405513763428,3.703026533126831,1.5815446376800537,0.6,0.001,0.03112443399732001,279755.7730674488,131.77207960999658,1.5023311376571655,0.9987484680855173,0.652911079468667,0.2611644317874668,0.3657542030399131,0.2611644317874668,0.36575420303991313,3.048318236306942e-08
sf_muon_fixed_beta_0.6,0.6,nan,0.6,5000,1.1421812772750854,1.5148831605911255,1.5148831605911255,3.8086180686950684,1.5812736749649048,0.6,0.001,0.027784440004325006,279554.87951950583,146.5186373079996,1.5023311376571655,0.998888134691237,0.6601036563556744,0.26404146254226984,0.36631856561603815,0.26404146254226973,0.3663185656160381,3.0603903147377777e-08
sf_muon_fixed_beta_0.6,0.6,nan,0.6,5500,1.130401611328125,1.5170938968658447,1.5170938968658447,3.811875820159912,1.5924489498138428,0.6,0.001,0.027175540999451187,279738.0734745161,161.06495422799344,1.5023311376571655,0.9990355341269617,0.6622093124529858,0.26488372498119434,0.36462146803332435,0.26488372498119434,0.36462146803332424,3.052442820831815e-08
sf_muon_fixed_beta_0.6,0.6,nan,0.6,6000,1.1186449527740479,1.5247634649276733,1.5247634649276733,3.8965210914611816,1.6051485538482666,0.6,0.001,0.027486882005177904,280012.47632892476,175.5350355969931,1.5023311376571655,0.9988956116808452,0.6652132295056516,0.2660852918022607,0.36333895220905177,0.26608529180226065,0.36333895220905166,3.052768457316202e-08
sf_muon_fixed_beta_0.6,0.6,nan,0.6,6500,1.1077980995178223,1.537961721420288,1.537961721420288,3.7863998413085938,1.5934290885925293,0.6,0.001,0.02536533300008159,280083.64106802386,190.1146378880003,1.5023311376571655,0.9988402612563839,0.6647332782923682,0.2658933113169473,0.3603510072231892,0.26589331131694727,0.3603510072231891,3.049886332389492e-08
sf_muon_fixed_beta_0.6,0.6,nan,0.6,7000,1.098793387413025,1.5342304706573486,1.5342304706573486,3.645768642425537,1.5993201732635498,0.6,0.001,0.02700736899714684,280815.7019097697,204.20510537699738,1.5023311376571655,0.9988754658645754,0.6639281414102696,0.2655712565641078,0.35793035214644114,0.26557125656410785,0.35793035214644114,3.0483696280633344e-08
sf_muon_fixed_beta_0.6,0.6,nan,0.6,7500,1.0971217155456543,1.534665584564209,1.534665584564209,3.7577412128448486,1.6053383350372314,0.6,0.001,0.027874172999872826,281112.24502401106,218.5603832189954,1.5023311376571655,0.9988548203861077,0.6621585985136034,0.2648634394054414,0.3552771161771549,0.2648634394054414,0.3552771161771549,3.0466726450485344e-08
sf_muon_fixed_beta_0.6,0.6,nan,0.6,8000,1.0920586585998535,1.5315077304840088,1.5315077304840088,4.257598400115967,1.6163084506988525,0.6,0.001,0.02711599699978251,281063.55167923437,233.17146463300014,1.5023311376571655,0.9988061637144665,0.6596897111370683,0.26387588445482735,0.3526731029151279,0.26387588445482735,0.3526731029151278,3.0391873571549663e-08
sf_muon_fixed_beta_0.6,0.6,nan,0.6,8500,1.0885332822799683,1.5405257940292358,1.5405257940292358,4.189788818359375,1.6275079250335693,0.6,0.001,0.028181460002087988,281013.29478218604,247.78898825399665,1.5023311376571655,0.9986707356825032,0.6572891412208178,0.2629156564883271,0.3502982123626502,0.26291565648832715,0.35029821236265024,3.029442499168966e-08
sf_muon_fixed_beta_0.6,0.6,nan,0.6,9000,1.0795234441757202,1.538187026977539,1.538187026977539,4.152877330780029,1.6250184774398804,0.6,0.001,0.026874122995650396,281149.9042602086,262.23732920699695,1.5023311376571655,0.9987924898192972,0.6561069718480601,0.2624427887392241,0.34841132547211334,0.26244278873922405,0.3484113254721134,3.0351366421736595e-08
sf_muon_fixed_beta_0.6,0.6,nan,0.6,9500,1.0735442638397217,1.537073016166687,1.537073016166687,3.9666831493377686,1.6370872259140015,0.6,0.001,0.027124083004309796,281086.3221710739,276.86868360899825,1.5023311376571655,0.9986830965143193,0.6546238353291373,0.26184953413165496,0.3468559923998379,0.2618495341316549,0.3468559923998378,3.0279652755772796e-08
sf_muon_fixed_beta_0.6,0.6,nan,0.6,10000,1.0689958333969116,1.5391438007354736,1.5391438007354736,4.288546562194824,1.6344852447509766,0.6,0.001,0.02722650000214344,280965.43172508804,291.5661172159962,1.5023311376571655,0.9988541072073112,0.6526307134002098,0.26105228536008396,0.3451279009703688,0.26105228536008396,0.3451279009703687,3.0145780747947735e-08
sf_muon_fixed_beta_0.6,0.6,nan,0.6,10500,1.0621639490127563,1.546860933303833,1.546860933303833,4.094044208526611,1.638077735900879,0.6,0.001,0.026854119001654908,281060.629883275,306.04072877699946,1.5023311376571655,0.9987111158576611,0.6497706380141836,0.2599082552056734,0.34300928319178964,0.25990825520567346,0.34300928319178975,3.020234983630537e-08
sf_muon_fixed_beta_0.6,0.6,nan,0.6,11000,1.0599639415740967,1.5543451309204102,1.5543451309204102,4.013924598693848,1.6298892498016357,0.6,0.001,0.027202438002859708,281218.36321783694,320.4342666989978,1.5023311376571655,0.9986799596648158,0.6483241092564793,0.25932964370259165,0.34151428898128033,0.25932964370259176,0.34151428898128033,3.0115453250710686e-08
sf_muon_fixed_beta_0.6,0.6,nan,0.6,11500,1.0543619394302368,1.5527548789978027,1.5527548789978027,4.057534217834473,1.6491552591323853,0.6,0.001,0.027109207003377378,281074.9729510286,335.1703604590002,1.5023311376571655,0.9987057256172661,0.6474132797561861,0.25896531190247446,0.3406031721295134,0.25896531190247446,0.34060317212951335,3.010929683004616e-08
sf_muon_fixed_beta_0.6,0.6,nan,0.6,12000,1.0482686758041382,1.5584367513656616,1.5584367513656616,3.889512538909912,1.6509042978286743,0.6,0.001,0.02750001499953214,280983.59539822314,349.85672334599803,1.5023311376571655,0.9984614924955312,0.6453520343869757,0.25814081375479025,0.3392773846235056,0.2581408137547903,0.3392773846235056,3.009337642300014e-08
sf_muon_fixed_beta_0.6,0.6,nan,0.6,12500,1.0507898330688477,1.5510848760604858,1.5510848760604858,4.049433708190918,1.6411943435668945,0.6,0.001,0.027208056999370456,281224.50875679357,364.12189126999874,1.5023311376571655,0.9987550086404554,0.6445984219825813,0.2578393687930325,0.3383362314391954,0.25783936879303254,0.3383362314391954,3.008807369618743e-08
sf_muon_fixed_beta_0.6,0.6,nan,0.6,13000,1.0491806268692017,1.5671368837356567,1.5671368837356567,4.103741645812988,1.6405603885650635,0.6,0.001,0.027751185996748973,281230.02087052586,378.67934465299913,1.5023311376571655,0.9987091714907004,0.643587633734532,0.2574350534938128,0.33732364824548194,0.2574350534938128,0.33732364824548183,3.0044793270652867e-08
sf_muon_fixed_beta_0.6,0.6,nan,0.6,13500,1.042682409286499,1.5525176525115967,1.5525176525115967,4.070352554321289,1.6472327709197998,0.6,0.001,0.026668919999792706,281385.3051439977,393.02692066099553,1.5023311376571655,0.9986168784208835,0.6422903163253803,0.256916126530152,0.3362857281866727,0.2569161265301521,0.3362857281866728,3.00500363866427e-08
sf_muon_fixed_beta_0.6,0.6,nan,0.6,14000,1.0431526899337769,1.5532552003860474,1.5532552003860474,4.004877090454102,1.6393266916275024,0.6,0.001,0.02896598100051051,281527.4736254742,407.37764781199803,1.5023311376571655,0.9984872231658867,0.6418460462011264,0.2567384184804506,0.33597620508017956,0.2567384184804506,0.33597620508017956,2.999672351438174e-08
sf_muon_fixed_beta_0.6,0.6,nan,0.6,14500,1.0401651859283447,1.5619300603866577,1.5619300603866577,4.13366174697876,1.651489019393921,0.6,0.001,0.027581859998463187,281661.13824516017,421.72662064799806,1.5023311376571655,0.9985963382358516,0.6407733319882005,0.2563093327952803,0.33537093660787776,0.25630933279528023,0.3353709366078777,2.999051039732879e-08
sf_muon_fixed_beta_0.6,0.6,nan,0.6,15000,1.031436562538147,1.5642733573913574,1.5642733573913574,3.9743950366973877,1.6603330373764038,0.6,0.001,0.026712577004218474,281839.7193136899,435.99248643600004,1.5023311376571655,0.99867414240159,0.6401528759076336,0.25606115036305355,0.334887717604267,0.25606115036305344,0.334887717604267,2.999903144299983e-08
sf_muon_fixed_beta_0.9,0.9,nan,0.9,0,4.410679340362549,4.4163432121276855,4.4163432121276855,4.4163432121276855,4.414694309234619,0.9,0.001,nan,0.0,0.8966025420013466,4.4163432121276855,nan,0.0,0.0,0.0,0.0,0.0,0.0
sf_muon_fixed_beta_0.9,0.9,nan,0.9,500,1.6026151180267334,1.7708269357681274,1.7708269357681274,4.065028190612793,1.754331350326538,0.9,0.001,0.02628594399720896,262301.53736320185,15.615615681002964,1.7708269357681274,0.9983585157284477,0.39833398604951475,0.03983339860495148,0.3382451383597034,0.03983339860495147,0.33824513835970343,2.7038089739924786e-08
sf_muon_fixed_beta_0.9,0.9,nan,0.9,1000,1.3945586681365967,1.59958815574646,1.59958815574646,4.205136299133301,1.597468614578247,0.9,0.001,0.025542244999087416,274808.33107842004,29.809867727999517,1.59958815574646,0.9984851224845599,0.4700342301156166,0.04700342301156164,0.41026148733295165,0.04700342301156165,0.41026148733295165,2.7656712937142868e-08
sf_muon_fixed_beta_0.9,0.9,nan,0.9,1500,1.3137922286987305,1.5506807565689087,1.5506807565689087,4.325482368469238,1.5538805723190308,0.9,0.001,0.025305486997240223,278064.70731878997,44.19115291000344,1.5506807565689087,0.998967678361507,0.5300440848233481,0.05300440848233481,0.4753598010424856,0.0530044084823348,0.4753598010424857,2.8311795799543168e-08
sf_muon_fixed_beta_0.9,0.9,nan,0.9,2000,1.263477087020874,1.5211137533187866,1.5211137533187866,4.700381278991699,1.5321089029312134,0.9,0.001,0.029166426000301726,279671.40046697966,58.58303699499811,1.5211137533187866,0.9989946245889934,0.5870403854647265,0.05870403854647264,0.535214904502003,0.05870403854647264,0.535214904502003,2.9055445742868946e-08
sf_muon_fixed_beta_0.9,0.9,nan,0.9,2500,1.2358314990997314,1.513170599937439,1.513170599937439,5.090437889099121,1.5218991041183472,0.9,0.001,0.0253636519992142,280210.16098818014,73.08799912100221,1.513170599937439,0.9990869384759427,0.6369870020051287,0.06369870020051287,0.5846175021689362,0.06369870020051285,0.5846175021689362,2.9662838894637546e-08
sf_muon_fixed_beta_0.9,0.9,nan,0.9,3000,1.2020779848098755,1.5076587200164795,1.5076587200164795,5.3029327392578125,1.5414483547210693,0.9,0.001,0.03318814399972325,280572.2283763321,87.59241833099804,1.5076587200164795,0.999106629885885,0.6812013060562676,0.06812013060562674,0.6236524295351501,0.06812013060562674,0.6236524295351501,3.025791734165612e-08
sf_muon_fixed_beta_0.9,0.9,nan,0.9,3500,1.1796815395355225,1.515367031097412,1.515367031097412,5.3698201179504395,1.5281836986541748,0.9,0.001,0.033614562002185266,280616.5249324808,102.17502339500061,1.5076587200164795,0.9991097280561755,0.7188735219937161,0.07188735219937159,0.652452457010494,0.07188735219937159,0.652452457010494,3.0745018600165526e-08
sf_muon_fixed_beta_0.9,0.9,nan,0.9,4000,1.1631418466567993,1.5262693166732788,1.5262693166732788,6.31201171875,1.5402162075042725,0.9,0.001,0.02635209299478447,274534.95337630407,119.35820775100001,1.5076587200164795,0.9991852668283916,0.7501610568717121,0.0750161056871712,0.6732496105813929,0.0750161056871712,0.6732496105813929,3.1185034495139146e-08
sf_muon_fixed_beta_0.9,0.9,nan,0.9,4500,1.1462984085083008,1.5324558019638062,1.5324558019638062,5.812287330627441,1.5620530843734741,0.9,0.001,0.025487298997177277,269806.516653778,136.63124396400235,1.5076587200164795,0.9989925863241821,0.7734058673639873,0.07734058673639874,0.6863880386046346,0.07734058673639871,0.6863880386046347,3.1590589983545084e-08
sf_muon_fixed_beta_0.9,0.9,nan,0.9,5000,1.1338945627212524,1.535398244857788,1.535398244857788,5.940052032470703,1.5658276081085205,0.9,0.001,0.025201662996551022,271443.3276918752,150.89705961199797,1.5076587200164795,0.9991053527665789,0.7928732768911922,0.0792873276891192,0.693318449957345,0.07928732768911921,0.6933184499573452,3.1875669794831125e-08
sf_muon_fixed_beta_0.9,0.9,nan,0.9,5500,1.1190578937530518,1.540865182876587,1.540865182876587,6.329161643981934,1.5772372484207153,0.9,0.001,0.02576151099492563,272319.617169234,165.4526415260043,1.5076587200164795,0.9991194206299776,0.8052136610077565,0.08052136610077563,0.6956549875655219,0.08052136610077563,0.6956549875655219,3.203151749177329e-08
sf_muon_fixed_beta_0.9,0.9,nan,0.9,6000,1.1051502227783203,1.5476739406585693,1.5476739406585693,7.333609104156494,1.5952471494674683,0.9,0.001,0.026198668994766194,273086.27047712577,179.98707849399943,1.5076587200164795,0.9990733963230416,0.8163492128621637,0.08163492128621638,0.6970500996218129,0.08163492128621634,0.6970500996218127,3.2312510039690576e-08
sf_muon_fixed_beta_0.9,0.9,nan,0.9,6500,1.0892356634140015,1.5686262845993042,1.5686262845993042,6.464075565338135,1.5908209085464478,0.9,0.001,0.0255528619964025,273455.70514698984,194.7225784570037,1.5076587200164795,0.9990542204085533,0.8234758234805012,0.0823475823480501,0.6960094242328722,0.0823475823480501,0.696009424232872,3.240873320472311e-08
sf_muon_fixed_beta_0.9,0.9,nan,0.9,7000,1.0787031650543213,1.5680885314941406,1.5680885314941406,5.978909492492676,1.60922110080719,0.9,0.001,0.02676626600441523,272013.01416848873,210.81344278799952,1.5076587200164795,0.9989756540559195,0.8271977249408761,0.08271977249408757,0.69267766759265,0.08271977249408759,0.69267766759265,3.237882184550394e-08
sf_muon_fixed_beta_0.9,0.9,nan,0.9,7500,1.0761693716049194,1.5742624998092651,1.5742624998092651,5.47450590133667,1.614945411682129,0.9,0.001,0.025460068995016627,269998.38812649756,227.55691404800018,1.5076587200164795,0.9989378456429361,0.8318357380571592,0.08318357380571591,0.6894691742720487,0.0831835738057159,0.6894691742720487,3.245130096547007e-08
sf_muon_fixed_beta_0.9,0.9,nan,0.9,8000,1.0671091079711914,1.5726040601730347,1.5726040601730347,6.407492637634277,1.6222031116485596,0.9,0.001,0.025526468001771718,269072.2843772822,243.56280377100484,1.5076587200164795,0.9990402069762236,0.832915140943896,0.08329151409438958,0.6846202445899351,0.08329151409438958,0.6846202445899351,3.24379558219967e-08
sf_muon_fixed_beta_0.9,0.9,nan,0.9,8500,1.063617467880249,1.5823547840118408,1.5823547840118408,6.6545915603637695,1.6358932256698608,0.9,0.001,0.02631872300116811,267929.65127263666,259.8891151810021,1.5076587200164795,0.9989150458759822,0.8333471012944171,0.0833347101294417,0.6789143496826675,0.0833347101294417,0.6789143496826673,3.248489320918128e-08
sf_muon_fixed_beta_0.9,0.9,nan,0.9,9000,1.0501863956451416,1.5832641124725342,1.5832641124725342,6.623055934906006,1.6308311223983765,0.9,0.001,0.025251531005778816,265388.6901743957,277.8113865800042,1.5076587200164795,0.9988563855051189,0.8331486548943081,0.0833148654894308,0.673660608959104,0.08331486548943079,0.6736606089591041,3.2573928483572666e-08
sf_muon_fixed_beta_0.9,0.9,nan,0.9,9500,1.0399850606918335,1.590816855430603,1.590816855430603,6.867928981781006,1.6511186361312866,0.9,0.001,0.02639551700121956,264915.66074237775,293.768967005999,1.5076587200164795,0.9989340941909297,0.8309893261001796,0.08309893261001795,0.6690819386043203,0.08309893261001794,0.6690819386043204,3.2470995461563984e-08
sf_muon_fixed_beta_0.9,0.9,nan,0.9,10000,1.0360701084136963,1.591461420059204,1.591461420059204,7.671923637390137,1.6637471914291382,0.9,0.001,0.031047777003550436,265519.2035723574,308.5275900870038,1.5076587200164795,0.9989699754219236,0.831189500547825,0.08311895005478247,0.6655542962936051,0.08311895005478248,0.6655542962936053,3.2480312399106695e-08
sf_muon_fixed_beta_0.9,0.9,nan,0.9,10500,1.027907371520996,1.6040674448013306,1.6040674448013306,6.859972953796387,1.657170057296753,0.9,0.001,0.025305668998043984,265819.62631182396,323.58784486100194,1.5076587200164795,0.9988678434959043,0.8295700176831518,0.08295700176831515,0.6606295807917946,0.08295700176831515,0.6606295807917947,3.2372193828936524e-08
sf_muon_fixed_beta_0.9,0.9,nan,0.9,11000,1.023245096206665,1.6174604892730713,1.6174604892730713,6.704451084136963,1.6695390939712524,0.9,0.001,0.02589804400486173,266360.7402565396,338.3081152020022,1.5076587200164795,0.9987277783724345,0.8292530994427353,0.08292530994427351,0.6561340755384515,0.08292530994427351,0.6561340755384514,3.2433373933042155e-08
sf_muon_fixed_beta_0.9,0.9,nan,0.9,11500,1.0155704021453857,1.61899733543396,1.61899733543396,6.952401638031006,1.6948505640029907,0.9,0.001,0.025244821998057887,266677.53519536316,353.26560196000355,1.5076587200164795,0.9988426022995935,0.8259929742854866,0.08259929742854862,0.650699471734022,0.08259929742854864,0.650699471734022,3.231423342821528e-08
sf_muon_fixed_beta_0.9,0.9,nan,0.9,12000,1.0070785284042358,1.6267387866973877,1.6267387866973877,7.393558502197266,1.6825612783432007,0.9,0.001,0.03464989599888213,265992.03379375965,369.5749778590034,1.5076587200164795,0.9988444657342087,0.8240433562727175,0.08240433562727176,0.6465262780687377,0.08240433562727173,0.6465262780687376,3.231845213060742e-08
sf_muon_fixed_beta_0.9,0.9,nan,0.9,12500,1.0087957382202148,1.6235275268554688,1.6235275268554688,6.92102575302124,1.685433030128479,0.9,0.001,0.025997775002906565,265766.03349800233,385.3013067630018,1.5076587200164795,0.998750082589796,0.8228683749849586,0.08228683749849583,0.6436420082252406,0.08228683749849584,0.6436420082252408,3.212808998637858e-08
sf_muon_fixed_beta_0.9,0.9,nan,0.9,13000,1.005096673965454,1.643261194229126,1.643261194229126,6.896069526672363,1.689528226852417,0.9,0.001,0.0253907820006134,266261.54848720884,399.9676280900021,1.5076587200164795,0.998661543641097,0.8214733217766282,0.08214733217766283,0.6399826450869865,0.0821473321776628,0.6399826450869865,3.213753221706117e-08
sf_muon_fixed_beta_0.9,0.9,nan,0.9,13500,1.0003539323806763,1.6339527368545532,1.6339527368545532,7.841647148132324,1.6804755926132202,0.9,0.001,0.026717360997281503,265421.3015065394,416.66587938600424,1.5076587200164795,0.998620742689423,0.8205623741001582,0.0820562374100158,0.6367326128161483,0.0820562374100158,0.6367326128161482,3.2185412293535985e-08
sf_muon_fixed_beta_0.9,0.9,nan,0.9,14000,0.9974908828735352,1.6336581707000732,1.6336581707000732,7.3823137283325195,1.6943628787994385,0.9,0.001,0.02708720199734671,264695.13833249145,433.28336410900374,1.5076587200164795,0.9986164752431118,0.8188253906380487,0.08188253906380487,0.6331506393403538,0.08188253906380485,0.6331506393403538,3.222863454921678e-08
sf_muon_fixed_beta_0.9,0.9,nan,0.9,14500,0.9936946034431458,1.64507257938385,1.64507257938385,5.697389125823975,1.7042462825775146,0.9,0.001,0.026233386997773778,264906.449435688,448.399803979999,1.5076587200164795,0.998620097187525,0.81606388297239,0.081606388297239,0.6295352939204936,0.08160638829723897,0.6295352939204933,3.2029908592135925e-08
sf_muon_fixed_beta_0.9,0.9,nan,0.9,15000,0.9846400022506714,1.6546249389648438,1.6546249389648438,7.260621547698975,1.7204885482788086,0.9,0.001,0.04880023599980632,264048.03874023387,465.3698644620017,1.5076587200164795,0.9986708587606362,0.8149158828259053,0.08149158828259052,0.6266041870304486,0.08149158828259051,0.6266041870304487,3.1950385501979126e-08
